,0
0,https://www.linkedin.com/in/tylerjameswallace
1,https://www.linkedin.com/in/max-waldor
2,https://www.linkedin.com/in/joelyoung2
3,https://www.linkedin.com/in/devjmendoza
4,https://ng.linkedin.com/in/orlando-lorenzo-285487236?trk=public_profile_browsemap
5,https://www.linkedin.com/in/carolinedyana
6,https://www.linkedin.com/in/tagracavalcante
7,https://www.linkedin.com/in/fredrik-olsson-0490505
8,https://www.linkedin.com/in/nsobject
9,https://www.linkedin.com/in/kristin-w-490996181/en
10,https://www.linkedin.com/in/luis-gamarra-jimenez
11,https://www.linkedin.com/in/kyle-darcy
12,https://www.linkedin.com/in/kylesikora
13,https://www.linkedin.com/in/lucastramasso
14,https://www.linkedin.com/in/davidleex/ko
15,https://www.linkedin.com/in/jess-herring-8679291b7
16,https://www.linkedin.com/in/dannyvnguyen
17,https://www.linkedin.com/in/estraight
18,https://www.linkedin.com/in/aballard
19,https://www.linkedin.com/in/jia-yang-a618a122
20,https://www.linkedin.com/in/lenamubarak
21,https://www.linkedin.com/in/hellochrisbrown
22,https://www.linkedin.com/in/andrewahaas
23,https://www.linkedin.com/in/iamthomasallison
24,https://www.linkedin.com/in/joe-maag-8245b691
25,https://www.linkedin.com/in/daniel-martorana
26,https://www.linkedin.com/in/ben-weaver-29485552
27,https://www.linkedin.com/in/kenneth-leung
28,https://www.linkedin.com/in/patrick-scott-283636b5
29,https://jm.linkedin.com/in/anastasia-hansel-099898200
30,https://www.linkedin.com/in/jackson-hubbard
31,https://www.linkedin.com/in/alexander-w-67240a232?trk=public_profile_samename-profile
32,https://www.linkedin.com/in/joshbelmont
33,https://www.linkedin.com/in/priyankasuresh
34,https://www.linkedin.com/in/lia-murphy564
35,https://www.linkedin.com/in/prabhakar-ahinave
36,https://www.linkedin.com/in/williambyi
37,https://hk.linkedin.com/in/qaconniechen
38,https://www.linkedin.com/in/zhiguo-qu
39,https://www.linkedin.com/in/andrew-sinclair-617b1a98
40,https://www.linkedin.com/in/jingyuan-w-08175a158
41,https://www.linkedin.com/in/sheilasantosengineer
42,https://www.linkedin.com/in/ishaan-kohli-86997b210
43,https://www.linkedin.com/in/joseph-z-5a6529b8
44,https://www.linkedin.com/in/prabhakarlakhera
45,https://www.linkedin.com/in/jacobobarreiro
46,https://www.linkedin.com/in/calantha-tu
47,https://www.linkedin.com/in/dave-wolfe
48,https://www.linkedin.com/in/leecrippen
49,https://www.linkedin.com/in/chase-stone-b03826175
50,https://www.linkedin.com/in/sharvil-shah-78648311
51,https://www.linkedin.com/in/andrewpospeshil
52,https://www.linkedin.com/in/dominique-stingley-390806102
53,https://www.linkedin.com/in/muhaned-ghabour
54,https://www.linkedin.com/in/cathy-foss
55,https://www.linkedin.com/in/charliemezak
56,https://www.linkedin.com/in/kyle-anderson-95336aab
57,https://www.linkedin.com/in/phonon
58,https://www.linkedin.com/in/mpangburn
59,https://in.linkedin.com/in/sriram-sethuraman-2904bb76
60,https://www.linkedin.com/in/bhargav-annigeri
61,https://www.linkedin.com/in/gao-song-3828934b
62,https://www.linkedin.com/in/devin-m-moroz-ba917543
63,https://www.linkedin.com/in/jean-saintfleur-b79b5b113
64,https://www.linkedin.com/in/yuning-jin-30586328
65,https://www.linkedin.com/in/simon-richard-1b7183106
66,https://www.linkedin.com/in/thomas-cooper-388a28b8
67,https://www.linkedin.com/in/umer-bhatti-a662706
68,https://www.linkedin.com/in/dung-rodgers-b5810a90
69,https://www.linkedin.com/in/katerina-petruzzelli
70,https://www.linkedin.com/in/danleegoldberg
71,https://www.linkedin.com/in/gargbhavya
72,https://www.linkedin.com/in/john-perito-6b674336
73,https://www.linkedin.com/in/ken-powell-73578414
74,https://www.linkedin.com/in/michaeldschuman
75,https://in.linkedin.com/in/aniket-gore-b52046268
76,https://www.linkedin.com/in/baonguyen2604
77,https://www.linkedin.com/in/limin-yan-510880170
78,https://www.linkedin.com/in/charles-lawson-990b78101
79,https://www.linkedin.com/in/tony-chen-1845a228
80,https://www.linkedin.com/in/rene-brient-128841187
81,https://www.linkedin.com/in/jeff-r-automate
82,https://www.linkedin.com/in/michael-patrick-johnson
83,https://www.linkedin.com/in/marcusgrosz
84,https://www.linkedin.com/in/billreckwerdt
85,https://www.linkedin.com/in/fernando-guilarte-35963046
86,https://www.linkedin.com/in/eduardo-vaca-693883b0
87,https://www.linkedin.com/in/shahab-gerami-99a60168
88,https://www.linkedin.com/in/antara-dave
89,https://www.linkedin.com/in/irinasmoke
90,https://www.linkedin.com/in/ahwon-c-3bb41593
91,https://www.linkedin.com/in/christinasa
92,https://www.linkedin.com/in/hajarharda/en
93,https://www.linkedin.com/in/august-niehaus-8a76547
94,https://www.linkedin.com/in/annaberlintamayo
95,https://www.linkedin.com/in/liang22
96,https://www.linkedin.com/in/perryholzknecht
97,https://www.linkedin.com/in/tyler-donahue-7815ba5
98,https://www.linkedin.com/in/sknelson
99,https://www.linkedin.com/in/adrianmilsap
100,https://www.linkedin.com/in/chieu
101,https://www.linkedin.com/in/lei-yang-8a3a994
102,https://www.linkedin.com/in/david-adams-0023881
103,https://www.linkedin.com/in/heyjanelynn
104,https://www.linkedin.com/in/jennyxlee
105,https://www.linkedin.com/in/mario-gonzalez-0427a111
106,https://www.linkedin.com/in/phil-worthington
107,https://www.linkedin.com/in/lindsaylong
108,https://www.linkedin.com/in/davidthany
109,https://www.linkedin.com/in/carolineyau
110,https://www.linkedin.com/in/brian-latchman
111,https://www.linkedin.com/in/jenhofer
112,https://www.linkedin.com/in/nemarao
113,https://www.linkedin.com/in/tiffany-truong
114,https://www.linkedin.com/in/martinlijanto
115,https://www.linkedin.com/in/ailing-lu-b432031a3
116,https://www.linkedin.com/in/colin-r-10680960
117,https://www.linkedin.com/in/oliver-knickrehm
118,https://www.linkedin.com/in/jake-torset-7091635
119,https://www.linkedin.com/in/elizabeth-pi%C3%B1a-phd-5014b980
120,https://www.linkedin.com/in/vitalie-braga
121,https://www.linkedin.com/in/chelseaqingguo
122,https://www.linkedin.com/in/garimasikdar
123,https://www.linkedin.com/in/ssgrover
124,https://www.linkedin.com/in/janisjlee
125,https://www.linkedin.com/in/mikegladfelter
126,https://www.linkedin.com/in/brian-brady-5723a2bb
127,https://www.linkedin.com/in/phamben
128,https://www.linkedin.com/in/madelinekleiner
129,https://www.linkedin.com/in/nathandunlap
130,https://www.linkedin.com/in/brittanytravitz
131,https://www.linkedin.com/in/katie-garms
132,https://www.linkedin.com/in/khoa-huynh92
133,https://www.linkedin.com/in/cory-brannon-2293b457
134,https://www.linkedin.com/in/charismaux
135,https://il.linkedin.com/in/alona-weinstock-b249a436
136,https://www.linkedin.com/in/kent-shipley-37459a5a
137,https://www.linkedin.com/in/mwood7
138,https://www.linkedin.com/in/nicole-hallinen-phd-67670252
139,https://www.linkedin.com/in/jasonvasilas
140,https://www.linkedin.com/in/caitlin-esworthy-greene-539163a8
141,https://www.linkedin.com/in/regan-bell-333473b1
142,https://www.linkedin.com/in/mathieuaudouin
143,https://www.linkedin.com/in/melkhaw
144,https://www.linkedin.com/in/stephanie-maher-phd
145,https://in.linkedin.com/in/afreedpatan
146,https://www.linkedin.com/in/anahitab
147,https://www.linkedin.com/in/amy-devries
148,https://www.linkedin.com/in/lidia-balanovich
149,https://ie.linkedin.com/in/juergenfkiefer
150,https://www.linkedin.com/in/craig-pierson-b624004
151,https://www.linkedin.com/in/alyssagalvin
152,https://www.linkedin.com/in/kelly-l
153,https://www.linkedin.com/in/joannecatlin
154,https://www.linkedin.com/in/melissa-marasco-7a5a4432
155,https://www.linkedin.com/in/michaeleclavea206
156,https://www.linkedin.com/in/julyne-derrick-b2b82114
157,https://www.linkedin.com/in/patricia-melecio
158,https://www.linkedin.com/in/alexa-stead
159,https://ie.linkedin.com/in/juergenfkiefer/de
160,https://co.linkedin.com/in/andrea-mora-barboza
161,https://br.linkedin.com/in/nathalia-coutinho
162,https://de.linkedin.com/in/stefan-pannenbecker-12b1411
163,https://www.linkedin.com/in/sarahspalm
164,https://in.linkedin.com/in/rohitkaushik15
165,https://www.linkedin.com/in/sirisha-koneru-35a78216
166,https://www.linkedin.com/in/patricia-sorenson
167,https://www.linkedin.com/in/john-ventrice-1999a242
168,https://www.linkedin.com/in/jennifer-collins-27466a14
169,https://www.linkedin.com/in/robertsturges
170,https://www.linkedin.com/in/perry-goldsmith-38010928
171,https://www.linkedin.com/in/valerie-tang-04bb6950
172,https://www.linkedin.com/in/monette-atkins-b590154
173,https://www.linkedin.com/in/ethan-lane-9097aa75
174,https://www.linkedin.com/in/larry-coyne-04b1a57
175,https://www.linkedin.com/in/randy-davis-72b32598
176,https://www.linkedin.com/in/mounika-bandhakavi-938b08144
177,https://hu.linkedin.com/in/barbara-dozsa-4b3a61151
178,https://www.linkedin.com/in/anthony-debellis-8189522a
179,https://www.linkedin.com/in/steven-despain
180,https://www.linkedin.com/in/jeffrey-schooley-968a8775
181,https://www.linkedin.com/in/christopher-iacobellis-62072a10b
182,https://bg.linkedin.com/in/boyana-i-1a5676108?trk=public_profile_browsemap
183,https://www.linkedin.com/in/jose-villalobos-01773a90
184,https://in.linkedin.com/in/varun-kb
185,https://www.linkedin.com/in/patti-williams-14303b11
186,https://in.linkedin.com/in/meghna-arora-a23830129
187,https://www.linkedin.com/in/marniefienberg
188,https://www.linkedin.com/in/kellylmilo
189,https://www.linkedin.com/in/sanjay-kumar-2b71766
190,https://www.linkedin.com/in/glen-harrell-9b30b84
191,https://www.linkedin.com/in/laura-eberhard-5a406610
192,https://www.linkedin.com/in/jessica-ciserano-1277804
193,https://be.linkedin.com/in/michel-colon-43aa8124
194,https://www.linkedin.com/in/doretha-clemon-7207206
195,https://www.linkedin.com/in/gomethagavelu-padmanabhan
196,https://www.linkedin.com/in/karen-reetz-5278294
197,https://www.linkedin.com/in/samanthaafisher
198,https://www.linkedin.com/in/janethobbins
199,https://www.linkedin.com/in/ciara-j-b92bb711b
200,https://www.linkedin.com/in/brooke-nugent-a09b5aa
201,https://www.linkedin.com/in/vincent-quartararo-38658465
202,https://www.linkedin.com/in/lesliegelander
203,https://www.linkedin.com/in/joy-smith-54935818
204,https://www.linkedin.com/in/tris-alice-holman-03aa0519
205,https://www.linkedin.com/in/andrew-reyes-52ab1525
206,https://hu.linkedin.com/in/mihaly-toth-b2833084
207,https://il.linkedin.com/in/ubuv-ububh-798899133
208,https://www.linkedin.com/in/caroline-anderson-62992b15
209,https://in.linkedin.com/in/bindu-br-47663990
210,https://www.linkedin.com/in/robert-wallner-82838b79
211,https://www.linkedin.com/in/richard-m-miller-64622214
212,https://www.linkedin.com/in/sanjeev-kumar-7471573a
213,https://www.linkedin.com/in/kit-kramer-80119a8
214,https://www.linkedin.com/in/hilary-thran-pmp-csm-84324444
215,https://www.linkedin.com/in/manoj-chandraprakash-b001b46
216,https://www.linkedin.com/in/bailey-barnes-105415227
217,https://www.linkedin.com/in/npm21
218,https://www.linkedin.com/in/sheryl-ritter-00741083
219,https://www.linkedin.com/in/dawn-jimenez-45735637
220,https://in.linkedin.com/in/vikas-bhasin1
221,https://www.linkedin.com/in/douglas-milne-8b167b1b
222,https://www.linkedin.com/in/donnaneel
223,https://www.linkedin.com/in/nicolettem
224,https://www.linkedin.com/in/dan-panozzo-4351477
225,https://www.linkedin.com/in/cheryl-sims-4work
226,https://www.linkedin.com/in/greg-phillips-44094a7
227,https://www.linkedin.com/in/lori-esteves-59920211
228,https://www.linkedin.com/in/renee-cornillaud-2a073aa6
229,https://www.linkedin.com/in/ladonnalokey
230,https://www.linkedin.com/in/tracygiles
231,https://www.linkedin.com/in/ana-villarreal-0a09aa12
232,https://www.linkedin.com/in/cynthia-mckinney-7156029
233,https://www.linkedin.com/in/toni-eckberg-553ba232
234,https://www.linkedin.com/in/caitlin-pieszala-b5ba17138
235,https://www.linkedin.com/in/whitmbk
236,https://www.linkedin.com/in/ashley-mcmillin-04656721
237,https://www.linkedin.com/in/kara-greco-2b495b14
238,https://www.linkedin.com/in/john-marshall-78851521
239,https://www.linkedin.com/in/mccrackentodd
240,https://mx.linkedin.com/in/yram/en
241,https://www.linkedin.com/in/susan-stiles-56387511
242,https://www.linkedin.com/in/james-cauble
243,https://www.linkedin.com/in/jayda-nance
244,https://www.linkedin.com/in/rickgenton
