id,product_title,product_description,filename,format,mode,resolution,filesize,retrieved
209650955,Триммер садовый электрический для травы, Артикул 209650955 Модель беспроводной; аккумуляторный; ручной Тип аккумулятора Li-Ion Емкость аккумулятора 1500 мА*ч Время работы от аккумулятора 120 минут,res/img/209650955.png,PNG,RGBA,"(246, 328)",171.35,1711019404.299254
209650955,Триммер садовый электрический для травы, Артикул 209650955 Модель беспроводной; аккумуляторный; ручной Тип аккумулятора Li-Ion Емкость аккумулятора 1500 мА*ч Время работы от аккумулятора 120 минут,res/img/209650955.png,PNG,RGBA,"(246, 328)",171.35,1711019608.5871072
77278318,Триммер аккумуляторный садовый дачный кусторез, Артикул 77278318 Модель разборная модель Питание Аккумулятор (в комплекте) Тип двигателя электрический Комплектация Инструкция на русском языке; зарядное устройство -1шт; Лезвия - 2шт; Триммер садовый - 1шт,res/img/77278318.png,PNG,RGBA,"(246, 328)",160.0,1711019624.241293
18565737,"Триммер аккумуляторный ZITREK GreenCut 20 (20В, акб 2шт)", Артикул 18565737 Модель GreenCut 20 Гарантийный срок 1 год Тип аккумулятора Li-lon Емкость аккумулятора 1500 мА*ч,res/img/18565737.png,PNG,RGBA,"(246, 328)",17.67,1711019638.767094
113066515,Триммер аккумуляторный садовый дачный кусторез, Артикул 113066515 Модель разборная модель Питание Аккумулятор (в комплекте) Тип двигателя электрический Комплектация Инструкция на русском языке; зарядное устройство -1шт; Лезвия - 2шт; Триммер садовый - 1шт,res/img/113066515.png,PNG,RGBA,"(246, 328)",128.9,1711019653.620366
151530782,Триммер-газонокосилка аккумуляторный ZITREK GreenCut 20 Pro, Артикул 151530782 Модель GreenCut 20 Pro Гарантийный срок 1 год Тип аккумулятора Li-Ion Емкость аккумулятора 1.5 ма*ч; 1.5,res/img/151530782.png,PNG,RGBA,"(246, 328)",128.13,1711019667.381707
164885226,Триммер для травы аккумуляторный садовый ручной мощный, Артикул 164885226 Количество аккумуляторов в комплекте 2 Страна производства Китай Длина предмета 125 см Длина упаковки 16 см Высота упаковки 89 см Ширина упаковки 11 см,res/img/164885226.png,PNG,RGBA,"(246, 328)",121.28,1711019683.2849832
208141196,Триммер садовый, Артикул 208141196 Гарантийный срок 1 год Тип аккумулятора Li-Ion Емкость аккумулятора 2000 мА*ч Время работы от аккумулятора 60 мин Количество аккумуляторов в комплекте 1 шт. Питание от аккумулятора,res/img/208141196.png,PNG,RGBA,"(246, 328)",146.2,1711019699.75582
209650955,Триммер садовый электрический для травы, Артикул 209650955 Модель беспроводной; аккумуляторный; ручной Тип аккумулятора Li-Ion Емкость аккумулятора 1500 мА*ч Время работы от аккумулятора 120 минут,res/img/209650955.png,PNG,RGBA,"(246, 328)",171.35,1711019848.242364
209650955,Триммер садовый электрический для травы, Артикул 209650955 Модель беспроводной; аккумуляторный; ручной Тип аккумулятора Li-Ion Емкость аккумулятора 1500 мА*ч Время работы от аккумулятора 120 минут,res/img/209650955.png,PNG,RGBA,"(246, 328)",171.35,1711019936.7253451
77278318,Триммер аккумуляторный садовый дачный кусторез, Артикул 77278318 Модель разборная модель Питание Аккумулятор (в комплекте) Тип двигателя электрический Комплектация Инструкция на русском языке; зарядное устройство -1шт; Лезвия - 2шт; Триммер садовый - 1шт,res/img/77278318.png,PNG,RGBA,"(246, 328)",160.38,1711019946.8396192
18565737,"Триммер аккумуляторный ZITREK GreenCut 20 (20В, акб 2шт)", Артикул 18565737 Модель GreenCut 20 Гарантийный срок 1 год Тип аккумулятора Li-lon Емкость аккумулятора 1500 мА*ч,res/img/18565737.png,PNG,RGBA,"(246, 328)",18.33,1711019959.368416
113066515,Триммер аккумуляторный садовый дачный кусторез, Артикул 113066515 Модель разборная модель Питание Аккумулятор (в комплекте) Тип двигателя электрический Комплектация Инструкция на русском языке; зарядное устройство -1шт; Лезвия - 2шт; Триммер садовый - 1шт,res/img/113066515.png,PNG,RGBA,"(246, 328)",128.9,1711019970.7137542
151530782,Триммер-газонокосилка аккумуляторный ZITREK GreenCut 20 Pro, Артикул 151530782 Модель GreenCut 20 Pro Гарантийный срок 1 год Тип аккумулятора Li-Ion Емкость аккумулятора 1.5 ма*ч; 1.5,res/img/151530782.png,PNG,RGBA,"(246, 328)",128.13,1711019983.67975
164885226,Триммер для травы аккумуляторный садовый ручной мощный, Артикул 164885226 Количество аккумуляторов в комплекте 2 Страна производства Китай Длина предмета 125 см Длина упаковки 16 см Высота упаковки 89 см Ширина упаковки 11 см,res/img/164885226.png,PNG,RGBA,"(246, 328)",121.28,1711019992.273321
208141196,Триммер садовый, Артикул 208141196 Гарантийный срок 1 год Тип аккумулятора Li-Ion Емкость аккумулятора 2000 мА*ч Время работы от аккумулятора 60 мин Количество аккумуляторов в комплекте 1 шт. Питание от аккумулятора,res/img/208141196.png,PNG,RGBA,"(246, 328)",146.2,1711020001.138386
145821973,"Леска для триммера звезда 2,4мм 100м", Артикул 145821973 Длина (м) 100 м Вес с упаковкой (кг) 0.7 кг Длина упаковки 13 см Высота упаковки 12 см Ширина упаковки 13 см,res/img/145821973.png,PNG,RGBA,"(246, 328)",90.83,1711020009.142526
81408162,"Катушка для триммера, леска для триммера", Артикул 81408162 Материал изделия алюминий; леска; сталь Комплектация ключ -1 шт; переходник -2 шт; леска для триммера; катушка для триммера; головка для триммера Страна производства Китай Высота предмета 6 см Ширина предмета 6 см Вес с упаковкой (кг) 0.3 кг,res/img/81408162.png,PNG,RGBA,"(246, 328)",154.14,1711020018.06078
202528239,Кусторез триммер садовый аккумуляторный, Артикул 202528239 Модель Ножницы-кусторез аккумуляторные CSH 360 Гарантийный срок 1 год Тип аккумулятора Li-Ion Емкость аккумулятора 1200 мА*ч,res/img/202528239.png,PNG,RGBA,"(246, 328)",157.55,1711020027.292715
209801388,Триммер аккумуляторный для травы садовый, Артикул 209801388 Модель TM600-Li1-ECO; аккумуляторный; мощный Гарантийный срок 5 лет Тип аккумулятора Li-Ion Емкость аккумулятора 2000 мА*ч,res/img/209801388.png,PNG,RGBA,"(246, 328)",133.76,1711020036.9642692
145821971,Леска для триммера квадрат 3 мм 100 м, Артикул 145821971 Длина (м) 15 м Вес с упаковкой (кг) 0.7 кг Длина упаковки 17 см Высота упаковки 8 см Ширина упаковки 17 см,res/img/145821971.png,PNG,RGBA,"(246, 328)",98.59,1711020045.451471
166091882,Триммер для травы аккумуляторный садовый ручной мощный, Артикул 166091882 Емкость аккумулятора 1500мАч Количество аккумуляторов в комплекте 2 Мощность устройства 500W Частота вращения шпинделя (об/мин) 18000 об/мин Напряжение аккумулятора (Вольт) 21V Страна производства Китай,res/img/166091882.png,PNG,RGBA,"(246, 328)",136.77,1711020054.261868
208929943,Катушка для триммера садового леска, Артикул 208929943 Материал изделия алюминий; пластик Совместимость бензиновый триммер; электрический триммер Комплектация катушка для триммера; леска для триммера; насадки для триммера; катушка для триммера универсальная; головка для триммера; шпулька для триммера; насадка триммеры бензиновый Страна производства Китай Высота предмета 6 см Ширина предмета 9 см,res/img/208929943.png,PNG,RGBA,"(246, 328)",150.16,1711020062.694834
156114215,"Набор аккумуляторного инструмента ZITREK 2 в 1, 2х2.0Ач"," Артикул 156114215 Модель 20,GreenSaw 20 Extra Power set 2 in 1 Гарантийный срок 1 год Тип аккумулятора Li-Ion Емкость аккумулятора 2000 мАч",res/img/156114215.png,PNG,RGBA,"(246, 328)",52.72,1711020071.980748
210307736,Насадка на триммер бензиновый электрический, Артикул 210307736 Материал изделия сталь; пластик Комплектация насадка для триммера; насадка триммеры; диск для триммера; катушка для триммера Страна производства Китай Высота предмета 3 см Ширина предмета 14 см Вес с упаковкой (кг) 1 кг,res/img/210307736.png,PNG,RGBA,"(246, 328)",125.57,1711020081.189949
151723698,Катушка для триммера Y-A002, Артикул 151723698 Материал изделия пластик; металл Совместимость Триммер бензиновый; триммер для травы; триммер садовый бензиновый; Газонокосилка; бензиновый триммер; бензотриммер; катушка триммерная; триммер электрический садовый; электротриммер для травы; дача и сад Комплектация катушка; кассета для триммера; головка триммерная; Катушка триммерная; катушка триммерная автомат Страна производства Китай Высота предмета 7 см Ширина предмета 13 см,res/img/151723698.png,PNG,RGBA,"(246, 328)",177.57,1711020090.6027389
83254734,Леска для катушки триммера 2.4 мм звезда, Артикул 83254734 Материал изделия Нейлон 100% Длина (м) 15 м Сечение корда круг; звезда Толщина нити 2.4 мм Комплектация Лески для триммера 2 шт.; Леска для триммера 1 шт Страна производства Китай,res/img/83254734.png,PNG,RGBA,"(246, 328)",134.39,1711020105.889042
39727485,Триммер садовый аккумуляторный 2 в 1 DEKO DKTR40 063-4230, Артикул 39727485 Модель DKTR40 Гарантийный срок 1 год Тип аккумулятора Li-Ion Емкость аккумулятора 2000 мА*ч,res/img/39727485.png,PNG,RGBA,"(246, 328)",25.53,1711020113.922667
76566433,"Прочная леска для триммера квадрат 2,4мм", Артикул 76566433 Материал изделия нейлон Сечение корда квадрат Толщина нити 2.4 мм Комплектация Леска для триммера - 1шт Страна производства Китай Вес с упаковкой (кг) 0.05 кг,res/img/76566433.png,PNG,RGBA,"(246, 328)",156.85,1711020122.662015
158256245,"Леска для триммера 2,4мм 15м звезда"," Артикул 158256245 Материал изделия нейлоновая; Нейлон 100% Длина (м) 15 м Сечение корда звезда; круг Толщина нити 2.4 мм Комплектация Леска для триммера 2,4мм 15м - 1шт; упаковка Страна производства Китай",res/img/158256245.png,PNG,RGBA,"(246, 328)",100.94,1711020131.679616
153270175,"Прочная армированная леска для триммера от 2,4 до 4 мм", Артикул 153270175 Материал изделия износостойкий нейлон Сечение корда звезда; витой квадрат; квадрат Толщина нити 3 мм Комплектация Леска для триммера - 1шт Страна производства Китай Вес с упаковкой (кг) 0.05 кг,res/img/153270175.png,PNG,RGBA,"(246, 328)",177.55,1711020140.036563
70243028,Ремень наплечный для триммера. Профессиональный ранцевый., Артикул 70243028 Материал изделия нейлон; ткань Совместимость триммер; бензотриммер; бензокосы Комплектация Ремень для триммера Страна производства Китай Вес с упаковкой (кг) 0.4 кг Длина упаковки 25 см,res/img/70243028.png,PNG,RGBA,"(246, 328)",124.24,1711020147.84851
74250607,Садовый триммер для травы аккумуляторный, Артикул 74250607 Модель ручной; беспроводной Гарантийный срок 1 год Тип аккумулятора Li-Ion Емкость аккумулятора 1500 мА*ч,res/img/74250607.png,PNG,RGBA,"(246, 328)",159.95,1711020155.688021
95907911,"Катушка для триммера, головка с леской Huter GTH ""Easy Load"""," Артикул 95907911 Материал изделия Высококачественный ударопрочный пластик Совместимость GGT, GET-1200,GET-1500, GET-1700 Комплектация Катушка с леской 1 шт Страна производства Китай Высота предмета 14 см Ширина предмета 14 см",res/img/95907911.png,PNG,RGBA,"(246, 328)",103.35,1711020164.402833
158774341,Нож стальной для триммера садового. Набор 2 шт., Артикул 158774341 Количество предметов в упаковке 2 шт. Материал изделия нержавеющая сталь Посадочный диаметр 5 мм Внешний диаметр предмета 15 см Комплектация 2 ножа Вес с упаковкой (кг) 0.08 кг,res/img/158774341.png,PNG,RGBA,"(246, 328)",85.11,1711020173.221227
162724263,Садовый триммер для травы аккумуляторный, Артикул 162724263 Модель ручной; беспроводной Гарантийный срок 1 год Тип аккумулятора Li-Ion Емкость аккумулятора 1500 мА*ч,res/img/162724263.png,PNG,RGBA,"(246, 328)",132.07,1711020181.8619678
171106503,"Нож для мотокосы BB0013 Standart 255 x 25,4 x 3T, Multi", Артикул 171106503 Количество предметов в упаковке 1 шт. Материал изделия сталь Посадочный диаметр 25.4 мм Внешний диаметр предмета 25.5 см Комплектация нож; упаковка-блистер Страна производства Китай,res/img/171106503.png,PNG,RGBA,"(246, 328)",80.87,1711020191.507212
83965255,"Леска Квадрат, 2,4мм.х158м. на бобине 0,9 кг.", Артикул 83965255 Толщина нити 2.4 мм Комплектация леска для триммера - 1 шт Страна производства Китай Вес с упаковкой (кг) 1.15 кг,res/img/83965255.png,PNG,RGBA,"(246, 328)",100.83,1711020200.236801
210928422,"Леска звездочка для триммера 2,4 мм*15 м", Артикул 210928422 Материал изделия полимер Длина (м) 15 м Сечение корда звезда Толщина нити 2.4 мм Страна производства США Вес с упаковкой (кг) 0.15 кг,res/img/210928422.png,PNG,RGBA,"(246, 328)",57.6,1711020208.6195571
209801389,Триммер аккумуляторный для травы садовый, Артикул 209801389 Модель TM600-Li2; электрическая; мощный Гарантийный срок 5 лет Тип аккумулятора Li-Ion Емкость аккумулятора 2000 мА*ч,res/img/209801389.png,PNG,RGBA,"(246, 328)",123.39,1711020217.334518
88145485,Диск для триммера насадка на триммер, Артикул 88145485 Материал изделия сталь; пластик Комплектация Насадка триммерная - 2 шт Страна производства Китай Высота предмета 2 см Ширина предмета 13 см Вес с упаковкой (кг) 0.4 кг,res/img/88145485.png,PNG,RGBA,"(246, 328)",121.97,1711020225.786299
110277654,Головка для триммера катушка на триммер, Артикул 110277654 Материал изделия алюминий; пластик Комплектация Ключ - 1шт.; Катушка - 1 шт.; переходник - 2шт.; Леска (4 мм) - 1 шт. Страна производства Китай Высота предмета 8 см Ширина предмета 9 см Вес с упаковкой (кг) 0.3 кг,res/img/110277654.png,PNG,RGBA,"(246, 328)",127.33,1711020235.89051
76572141,"Прочная армированная леска для триммера от 2,4 до 4 мм", Артикул 76572141 Материал изделия износостойкий нейлон Сечение корда звезда; витой квадрат; квадрат Толщина нити 3 мм Комплектация Леска для триммера - 1шт Страна производства Китай Вес с упаковкой (кг) 0.05 кг,res/img/76572141.png,PNG,RGBA,"(246, 328)",177.42,1711020249.001769
154463370,Диск для триммера насадка культиватор на триммер, Артикул 154463370 Материал изделия сталь; пластик Совместимость Универсальная посадка Страна производства Китай Вес с упаковкой (кг) 0.4 кг Длина упаковки 25 см Высота упаковки 13 см,res/img/154463370.png,PNG,RGBA,"(246, 328)",135.93,1711020257.056445
148516227,"Леска для триммера 2,7 мм, длина 15 м", Артикул 148516227 Страна производства Китай Вес с упаковкой (кг) 0.06 кг Длина упаковки 10 см Высота упаковки 3 см Ширина упаковки 10 см,res/img/148516227.png,PNG,RGBA,"(246, 328)",80.84,1711020265.80615
147019572,"Леска для триммера 2,7 мм, длина 15 м, синий", Артикул 147019572 Длина (м) 15 м Комплектация Леска для триммера 15 м Страна производства Китай Вес с упаковкой (кг) 0.06 кг Длина упаковки 10 см Высота упаковки 3 см,res/img/147019572.png,PNG,RGBA,"(246, 328)",80.71,1711020274.068085
148686467,"Леска для триммера крученая с нитью, 2,4 мм, длина 15 м", Артикул 148686467 Страна производства Китай Вес с упаковкой (кг) 0.05 кг Длина упаковки 9 см Высота упаковки 3 см Ширина упаковки 9 см,res/img/148686467.png,PNG,RGBA,"(246, 328)",77.82,1711020281.861483
153619857,Триммер садовый аккумуляторный GreenCut 20 2x1.5Ач 082-2003, Артикул 153619857 Модель GreenCut 20 Гарантийный срок 1 год Тип аккумулятора Li-lon Емкость аккумулятора 1500 мА*ч,res/img/153619857.png,PNG,RGBA,"(246, 328)",44.13,1711020290.341737
151532281,"Триммер садовый электрический DEKO DKTR500,складной 065-1210", Артикул 151532281 Модель DKTR500 Гарантийный срок 1 год Питание от сети Мощность устройства 500Вт,res/img/151532281.png,PNG,RGBA,"(246, 328)",159.83,1711020298.882617
30087964,Триммер садовый бензиновый с разборной штангой GGT-1300S, Артикул 30087964 Модель HUTER GGT-1300S Мощность устройства 1300 Вт Мощность (лс) 1.8 лс Тип режущего инструмента леска/нож,res/img/30087964.png,PNG,RGBA,"(246, 328)",150.85,1711020308.677419
8144804,"Триммер электрический Арт. 21217 Basic, 500 Вт, 30 см", Артикул 8144804 Модель GST5033 Гарантийный срок 3 Года (36 месяцев) Питание 220 - 230 В/ 50Гц Мощность устройства 500 Вт,res/img/8144804.png,PNG,RGBA,"(246, 328)",17.26,1711020317.5332239
208763242,Триммер для травы садовый кусторез аккумуляторный," Артикул 208763242 Гарантийный срок 1 год Тип аккумулятора Аккумулятор (LI-lon); Литиевый Емкость аккумулятора 1500 мАч Время работы от аккумулятора 40 мин Питание USB; от аккумулятора; без питания Мощность устройства 7,2 В",res/img/208763242.png,PNG,RGBA,"(246, 328)",115.52,1711020326.231248
161310101,"Леска для триммера 2,7 мм, длина 15 м", Артикул 161310101 Страна производства Китай Вес с упаковкой (кг) 0.06 кг Длина упаковки 10 см Высота упаковки 3 см Ширина упаковки 10 см,res/img/161310101.png,PNG,RGBA,"(246, 328)",79.58,1711020335.3631418
137697202,Леска для триммера спираль 15 метров садовая для косилки, Артикул 137697202 Материал изделия нейлон Длина (м) 15 м Сечение корда спираль Толщина нити 3.5 мм Комплектация леска Страна производства Китай,res/img/137697202.png,PNG,RGBA,"(246, 328)",19.99,1711020343.809633
161389798,"Леска для триммера 2,7 мм, длина 15 м, синий", Артикул 161389798 Длина (м) 15 м Комплектация Леска для триммера 15 м Страна производства Китай Вес с упаковкой (кг) 0.06 кг Длина упаковки 10 см Высота упаковки 3 см,res/img/161389798.png,PNG,RGBA,"(246, 328)",79.92,1711020352.2938812
33703287,"Триммер садовый аккумуляторный DEKO DKTR21, 2*2.0Ач, 350 Вт", Артикул 33703287 Модель DKTR21 Гарантийный срок 1 год Тип аккумулятора Li-Ion Емкость аккумулятора 2000 мА*ч,res/img/33703287.png,PNG,RGBA,"(246, 328)",130.41,1711020360.5391061
212672157,Насадка триммерная садовая, Артикул 212672157 Материал изделия пластик Совместимость универсальная Страна производства Китай Высота предмета 6 см Ширина предмета 11 см Вес с упаковкой (кг) 0.26 кг,res/img/212672157.png,PNG,RGBA,"(246, 328)",144.38,1711020369.140469
165699185,Леска двухкомпонентная для триммера круглая 2.4 мм," Артикул 165699185 Материал изделия полиамид Длина (м) 15 м Сечение корда круг Толщина нити 2.4 мм Комплектация Блистер ""Леска двухкомпонентная для триммера 2.4 мм"" 1 шт. Страна производства Китай",res/img/165699185.png,PNG,RGBA,"(246, 328)",66.32,1711020378.5027132
210451247,"Нож диск для триммера садового 20х230х25,4", Артикул 210451247 Количество предметов в упаковке 1 шт. Материал изделия углеродистая сталь Посадочный диаметр 25.4 мм Внешний диаметр предмета 23 см Комплектация Диск - 1 шт Страна производства Китай,res/img/210451247.png,PNG,RGBA,"(246, 328)",115.31,1711020386.745517
213109941,Леска для триммера звезда с усилением 3.0 мм, Артикул 213109941 Материал изделия износостойкий нейлон Сечение корда звезда; звезда с усилением Толщина нити 3 мм Комплектация Леска для триммера - 1шт Страна производства Китай Вес с упаковкой (кг) 0.05 кг,res/img/213109941.png,PNG,RGBA,"(246, 328)",169.53,1711020395.2379289
110071755,Катушка для триммера с цепью бензопилы, Артикул 110071755 Материал изделия металл; цепь; леска Совместимость Электротриммер; бензотриммер; газонокосилка Комплектация катушка для триммера с цепью - 1 шт Страна производства Китай Высота предмета 10 см Ширина предмета 8 см,res/img/110071755.png,PNG,RGBA,"(246, 328)",94.29,1711020403.734747
162645823,Леска для триммера, Артикул 162645823 Материал изделия Нейлон (полиамид); Графитовый; Стержень Длина (м) 15 м Сечение корда квадрат; с сердечником; усиленная Толщина нити 3 мм Комплектация леска для триммера; 15м; высокопрочная; усиленная Страна производства Китай,res/img/162645823.png,PNG,RGBA,"(246, 328)",128.57,1711020411.428007
38124991,Бензиновый триммер GGT-2900T PRO, Артикул 38124991 Модель GGT-2900T PRO Гарантийный срок 12 мес Питание Бензиновый Мощность устройства 2900,res/img/38124991.png,PNG,RGBA,"(246, 328)",23.58,1711020419.097972
38124992,Бензиновый триммер GGT-1900S, Артикул 38124992 Модель GGT-1900S Гарантийный срок 12 мес Питание Бензиновый Мощность устройства 1900,res/img/38124992.png,PNG,RGBA,"(246, 328)",19.67,1711020427.2077608
212672110,Насадка триммерная садовая - Катушка для триммера, Артикул 212672110 Материал изделия пластик Совместимость универсальная Комплектация Катушка триммерная - 1шт. Страна производства Китай Высота предмета 7 см Ширина предмета 11 см,res/img/212672110.png,PNG,RGBA,"(246, 328)",146.76,1711020435.98911
145821990,"Леска для триммера квадрат 2,4 мм 100 м", Артикул 145821990 Длина (м) 100 м Вес с упаковкой (кг) 0.7 кг Длина упаковки 13 см Высота упаковки 12 см Ширина упаковки 13 см,res/img/145821990.png,PNG,RGBA,"(246, 328)",93.38,1711020445.380964
79099267,"Прочная армированная леска для триммера от 2,4 до 4 мм", Артикул 79099267 Материал изделия износостойкий нейлон Сечение корда звезда; витой квадрат; квадрат Толщина нити 3 мм Комплектация Леска для триммера - 1шт Страна производства Китай Вес с упаковкой (кг) 0.05 кг,res/img/79099267.png,PNG,RGBA,"(246, 328)",176.47,1711020453.792436
58438067,Леска для триммера (оранжевый), Артикул 58438067 Комплектация леска Страна производства Китай Вес с упаковкой (кг) 0.08 кг Длина упаковки 10 см Высота упаковки 10 см Ширина упаковки 10 см,res/img/58438067.png,PNG,RGBA,"(246, 328)",23.12,1711020462.344766
12254594,"Нож для мотокосы BB1054 Premium, 255x25,4x40T, Super Light", Артикул 12254594 Количество предметов в упаковке 1 шт. Материал изделия сталь Посадочный диаметр 25.4 мм Внешний диаметр предмета 25.5 см Комплектация Диск - 1шт Страна производства Китай,res/img/12254594.png,PNG,RGBA,"(246, 328)",111.26,1711020470.820791
150809512,"2 в 1 Ножницы кусторез GET-3,6H аккумуляторный садовый 3.6 В", Артикул 150809512 Модель аккумуляторный кусторез Гарантийный срок 1 год; 12 месяцев Тип аккумулятора Li-Ion; литиевый Емкость аккумулятора 1500 мАч; 1.5 Ач,res/img/150809512.png,PNG,RGBA,"(246, 328)",139.45,1711020479.869879
87127420,"Катушка для триммера ТУНДРА, полуавтоматическая, подшипник, леска до 2.4 мм, М10 х 1.25 мм", Артикул 87127420 Материал изделия металл; пластик Комплектация Катушка для триммера 1 шт Страна производства Китай Высота предмета 18 см Ширина предмета 18 см,res/img/87127420.png,PNG,RGBA,"(246, 328)",31.74,1711020488.622014
175187889,"Нож металлический для триммера садового. 4 лезвия, 4-х", Артикул 175187889 Посадочный диаметр 6 мм Внешний диаметр предмета 15 см Комплектация нож Вес с упаковкой (кг) 0.1 кг Длина упаковки 16 см Высота упаковки 1 см,res/img/175187889.png,PNG,RGBA,"(246, 328)",89.81,1711020498.174507
30165262,"Триммер садовый электрический DEKO DKTR550, 12000 об/мин", Артикул 30165262 Модель DKTR550 Гарантийный срок 1 год Питание от сети Мощность устройства 550 Вт,res/img/30165262.png,PNG,RGBA,"(246, 328)",169.07,1711020507.8154502
141630621,Триммер садовый электрический DEKO DKTR1550 065-1211, Артикул 141630621 Модель DKTR1550 Гарантийный срок 1 год Питание от сети Мощность устройства 1550 Вт,res/img/141630621.png,PNG,RGBA,"(246, 328)",54.34,1711020515.817478
8338414,Электрический триммер GET-1500B, Артикул 8338414 Модель GET-1500B Huter Гарантийный срок 1 год Питание 220 V Мощность устройства 1500 В,res/img/8338414.png,PNG,RGBA,"(246, 328)",146.17,1711020524.296754
209741520,"Триммер садовый электрический DEKO DKTR1200, леска, нож", Артикул 209741520 Модель DKTR1200 Гарантийный срок 1 год Питание от сети Мощность устройства 1200 Вт,res/img/209741520.png,PNG,RGBA,"(246, 328)",159.26,1711020532.476529
66114858,Триммер бензиновый Ресанта БТР-2500П, Артикул 66114858 Модель БТР-2500П Гарантийный срок 1 год Комплектация бензиновый триммер; Режущий нож; гарантийный талон; Катушка с леской; паспорт Страна производства Китай,res/img/66114858.png,PNG,RGBA,"(246, 328)",9.63,1711020540.981281
148689534,"Редуктор верхний в сборе для триммера 7 шлицов ,D-28мм", Артикул 148689534 Комплектация корпус сцепление в сборе для бензокосы-1шт Страна производства Китай Вес с упаковкой (кг) 0.5 кг Длина упаковки 20 см Высота упаковки 10 см Ширина упаковки 15 см,res/img/148689534.png,PNG,RGBA,"(246, 328)",117.51,1711020549.456599
137697828,Леска для триммера квадрат 15 метров садовая для косилки, Артикул 137697828 Материал изделия нейлон Длина (м) 14 м Сечение корда квадрат Толщина нити 2 мм Комплектация леска Страна производства Китай,res/img/137697828.png,PNG,RGBA,"(246, 328)",28.14,1711020558.450911
159140094,Леска для триммера, Артикул 159140094 Количество предметов в упаковке 1 шт. Материал изделия Нейлон (полиамид) Страна производства Беларусь Вес с упаковкой (кг) 0.15 кг Длина упаковки 8 см Высота упаковки 15 см,res/img/159140094.png,PNG,RGBA,"(246, 328)",56.11,1711020566.345504
209738848,"Триммер садовый электрический DEKO DKTR1150, леска, 1150Вт", Артикул 209738848 Модель DKTR1150 Гарантийный срок 1 год Питание от сети Мощность устройства 1150 Вт,res/img/209738848.png,PNG,RGBA,"(246, 328)",157.87,1711020574.3188229
110613868,"катушка для триммера универсальная паук, головка триммерная", Артикул 110613868 Материал изделия алюминий Совместимость для любых триммеров Комплектация ключ; леска; катушка для триммера; шайба 8 мм; шайба 10мм Страна производства Китай Высота предмета 5 см Ширина предмета 5 см,res/img/110613868.png,PNG,RGBA,"(246, 328)",156.91,1711020582.678706
158018340,Леска для триммера, Артикул 158018340 Материал изделия нейлон; пластик; металл Длина (м) 90 м Сечение корда квадрат; витой квадрат Толщина нити 2.4 мм Комплектация Леска для триммера квадрат - 1 шт Страна производства Китай,res/img/158018340.png,PNG,RGBA,"(246, 328)",194.86,1711020591.208297
164147517,Катушка для китайских триммеров HT22 - Z5, Артикул 164147517 Материал изделия металл; пластик Страна производства Китай Вес с упаковкой (кг) 0.4 кг Длина упаковки 18 см Высота упаковки 15 см Ширина упаковки 7 см,res/img/164147517.png,PNG,RGBA,"(246, 328)",106.37,1711020599.834181
81988590,Триммер аккумуляторный DATR 2840Li DAEWOO без АКБ и ЗУ, Артикул 81988590 Модель DATR 2840Li Гарантийный срок 36 месяцев Тип аккумулятора Li-Ion Емкость аккумулятора Приобретается отдельно до 5А/ч,res/img/81988590.png,PNG,RGBA,"(246, 328)",69.24,1711020608.6207201
163834853,"Прочная армированная леска для триммера от 2,4 до 4 мм", Артикул 163834853 Материал изделия износостойкий нейлон Сечение корда звезда; витой квадрат; квадрат Толщина нити 3 мм Комплектация Леска для триммера - 1шт Страна производства Китай Вес с упаковкой (кг) 0.05 кг,res/img/163834853.png,PNG,RGBA,"(246, 328)",172.88,1711020616.850852
38125007,Бензиновый триммер Huter GGT-2500Т, Артикул 38125007 Модель GGT-2500Т Гарантийный срок 12 мес Питание Бензиновый Мощность устройства 2500,res/img/38125007.png,PNG,RGBA,"(246, 328)",65.47,1711020625.647448
38125004,Бензиновый триммер Huter GGT 1300T, Артикул 38125004 Модель GGT-1300T Гарантийный срок 12 мес Питание Бензиновый Мощность устройства 1300,res/img/38125004.png,PNG,RGBA,"(246, 328)",65.15,1711020634.200274
163558159,"Триммер садовый аккумуляторный кусторез 3,6 В GET-3,6", Артикул 163558159 Модель 3.6 В; триммер садовый аккумуляторный Гарантийный срок 12 месяцев Тип аккумулятора Li-Ion Емкость аккумулятора 1500 мА*ч,res/img/163558159.png,PNG,RGBA,"(246, 328)",142.87,1711020642.386914
93422423,Ремень для триммера ранцевый универсальный, Артикул 93422423 Материал изделия высокопрочная ткань Совместимость универсальный; для всех бензиновых и электрических триммеров Комплектация Ремень ранцевый - 1 шт. Страна производства Китай Длина предмета 31 см Ширина предмета 15 см,res/img/93422423.png,PNG,RGBA,"(246, 328)",122.17,1711020650.53102
38125018,Huter GGT-2500S PRO, Артикул 38125018 Модель GGT-2500S PRO Гарантийный срок 12 мес Питание Бензиновый Мощность устройства 2500,res/img/38125018.png,PNG,RGBA,"(246, 328)",63.51,1711020658.60544
38125006,Бензиновый триммер Huter GGT-2500Т PRO, Артикул 38125006 Модель GGT-2500Т PRO Гарантийный срок 12 мес Питание Бензиновый Мощность устройства 2500,res/img/38125006.png,PNG,RGBA,"(246, 328)",63.64,1711020666.7965171
25777133,Триммер садовый бензиновый БТР-2500П ПРОФ + подарки, Артикул 25777133 Модель Ресанта БТР-2500П ПРОФ; БТР 2500П ПРОФ; 70/2/42 Гарантийный срок 1 год Тип аккумулятора без аккумулятора Количество аккумуляторов в комплекте без аккумулятора,res/img/25777133.png,PNG,RGBA,"(246, 328)",133.09,1711020675.08483
65931217,Триммер бензиновый HUTER GGT-1500SX, Артикул 65931217 Модель HUTER GGT-1500SX Комплектация Триммер бензиновый 1 шт Страна производства Китай Вес с упаковкой (кг) 10 кг,res/img/65931217.png,PNG,RGBA,"(246, 328)",62.74,1711020684.333538
38125005,Бензиновый триммер Huter GGT-1500T (1500вт), Артикул 38125005 Модель GGT-1500T Гарантийный срок 12 мес Питание Бензиновый Мощность устройства 1500,res/img/38125005.png,PNG,RGBA,"(246, 328)",63.01,1711020692.505862
66080383,Триммер бензиновый HUTER GGT-800T, Артикул 66080383 Модель GGT-800T Мощность устройства 800 Вт Тип штанги цельная Комплектация Режущий нож; ремень; гарантийный талон; упаковка; паспорт,res/img/66080383.png,PNG,RGBA,"(246, 328)",64.35,1711020700.892338
142946130,Бензиновый триммер GGT-553TA Huter, Артикул 142946130 Модель GGT-553TA Вес с упаковкой (кг) 8.82 кг Длина упаковки 131 см Высота упаковки 28 см,res/img/142946130.png,PNG,RGBA,"(246, 328)",69.74,1711020709.259518
36533563,Триммер Huter GGT 430T, Артикул 36533563 Модель Huter GGT-430T Гарантийный срок 12 месяцев Количество аккумуляторов в комплекте 0 Питание бензиновый двигатель,res/img/36533563.png,PNG,RGBA,"(246, 328)",63.33,1711020717.6508029
37385056,Бензиновый триммер Eurolux TR-1300T," Артикул 37385056 Модель TR-1300T Гарантийный срок 12 мес Питание Бензиновый Мощность устройства 1,3 кВт",res/img/37385056.png,PNG,RGBA,"(246, 328)",60.24,1711020725.747686
90532166,Ремень наплечный для триммера( одна лямка), Артикул 90532166 Комплектация Ремень для садового инструмента Страна производства Китай Вес с упаковкой (кг) 0.1 кг Длина упаковки 12 см Высота упаковки 5 см Ширина упаковки 7 см,res/img/90532166.png,PNG,RGBA,"(246, 328)",26.35,1711020734.106504
159095624,Леска для триммера 2мм витой квадрат с сердечником 15м, Артикул 159095624 Материал изделия Нейлон (полиамид); Графитовый; Стержень Длина (м) 15 м Сечение корда Витой квадрат с сердечником Толщина нити 2 мм Комплектация леска для триммера; 15м; высокопрочная; усиленная Страна производства Китай,res/img/159095624.png,PNG,RGBA,"(246, 328)",133.3,1711020742.2445881
37019144,"Леска для триммера 1,6 ммх15 м - 2 шт", Артикул 37019144 Материал изделия abs-пластик Длина (м) 15 м Толщина нити 1.65 мм Комплектация 2 шт Страна производства Китай Длина упаковки 2 см,res/img/37019144.png,PNG,RGBA,"(246, 328)",48.09,1711020750.400823
76584771,Головка триммерная катушка для триммера, Артикул 76584771 Материал изделия алюминий; пластик; сталь Комплектация ключ - 1шт; катушка - 1шт; переходник - 2шт; Леска 4мм - 1шт Страна производства Китай Высота предмета 8 см Ширина предмета 12 см Вес с упаковкой (кг) 0.5 кг,res/img/76584771.png,PNG,RGBA,"(246, 328)",42.73,1711020758.5232902
160929462,Леска для триммера витой квадрат 3 мм, Артикул 160929462 Материал изделия Нейлон (полиамид) Длина (м) 15 м Сечение корда Витой квадрат с сердечником Комплектация леска для триммера Страна производства Китай Вес с упаковкой (кг) 0.2 кг,res/img/160929462.png,PNG,RGBA,"(246, 328)",87.43,1711020767.3661451
177134248,Диск для триммера универсальный от сорняков, Артикул 177134248 Комплектация головка для триммера; насадка для триммера; насадка для газонокосилки; диск для триммера; диск для газонокосилки; нож для триммера; нож для газонокосилки Страна производства Китай Длина упаковки 20 см Высота упаковки 3 см Ширина упаковки 20 см,res/img/177134248.png,PNG,RGBA,"(246, 328)",98.11,1711020775.416563
156621762,Катушка для триммеров Bosch ART 24/27/30 (F016800351), Артикул 156621762 Совместимость ART 24/27/30 Комплектация Катушка для триммеров Bosch ART 24/27/30 (F016800351)- 1 шт Страна производства Китай Вес с упаковкой (кг) 0.05 кг Длина упаковки 5 см Высота упаковки 5 см,res/img/156621762.png,PNG,RGBA,"(246, 328)",28.69,1711020783.418815
77392242,Триммер бензиновый PT 4555ES Country (неразборная штанга), Артикул 77392242 Модель PT 4555ES Country; Бензиновый триммер; Триммер для травы бензиновый Гарантийный срок 2 года Емкость аккумулятора нет Количество аккумуляторов в комплекте нет,res/img/77392242.png,PNG,RGBA,"(246, 328)",147.22,1711020791.335454
156667550,Леска для триммера с металлическим сердечником, Артикул 156667550 Материал изделия нейлон; металл Длина (м) 10 м Сечение корда круг; стальной сердечник Толщина нити 2.4 мм Комплектация леска для триммера - 1 шт. Страна производства Китай,res/img/156667550.png,PNG,RGBA,"(246, 328)",105.65,1711020799.540098
79625604,"Леска триммерная Nylon Line бесшумная (1.6 мм, 15 м)", Артикул 79625604 Длина (м) 15 м Сечение корда круг Толщина нити 1.6 мм Комплектация леска - 1шт. Страна производства Швеция Вес с упаковкой (кг) 0.1 кг,res/img/79625604.png,PNG,RGBA,"(246, 328)",81.19,1711020807.659497
12254579,"Нож для мотокосы BB0084 Premium 230x25,4x40T Saw", Артикул 12254579,res/img/12254579.png,PNG,RGBA,"(246, 328)",98.3,1711020817.3742561
162040797,Леска для триммера армированная, Артикул 162040797 Материал изделия полиамид; нейлон; графит Длина (м) 15 м Сечение корда витой квадрат Комплектация Леска для триммера с сердечником Страна производства Китай Вес с упаковкой (кг) 0.15 кг,res/img/162040797.png,PNG,RGBA,"(246, 328)",99.05,1711020825.558465
90417801,головка для триммера алюминиевая, Артикул 90417801 Материал насадки алюминий Комплектация головка- 1 шт.; шайба - 2 шт.; леска 4 шт.; ключ шестигранник - 1 шт. Страна производства Китай Вес с упаковкой (кг) 0.2 кг,res/img/90417801.png,PNG,RGBA,"(246, 328)",62.38,1711020834.0086021
22901699,"Леска для триммера 2мм, 2926607", Артикул 22901699 Комплектация Триммерная леска 2 мм Страна производства Китай Вес с упаковкой (кг) 0.9 кг,res/img/22901699.png,PNG,RGBA,"(246, 328)",73.0,1711020842.4377038
30165261,"Триммер садовый аккумуляторный DEKO DKTR12, 2*2.0Ач, 12В", Артикул 30165261 Модель DKTR12 Гарантийный срок 1 год Тип аккумулятора Li-Ion Емкость аккумулятора 2000 мА*ч,res/img/30165261.png,PNG,RGBA,"(246, 328)",190.08,1711020850.824306
153017312,Леска для триммера 2.4 мм 45 метров, Артикул 153017312 Материал изделия нейлон Длина (м) 45 м Толщина нити 2.4 мм Вес с упаковкой (кг) 0.3 кг Длина упаковки 13 см Высота упаковки 27 см,res/img/153017312.png,PNG,RGBA,"(246, 328)",147.15,1711020859.328405
11452729,"Электрический триммер GET-1500SL, 1500вт", Артикул 11452729 Модель GET-1500SL Гарантийный срок 1 год Мощность устройства 1.5 кВт Тип двигателя электрический,res/img/11452729.png,PNG,RGBA,"(246, 328)",151.5,1711020867.620297
156625107,Катушка для турботриммера SmallCut 300 Gardena 05306-20, Артикул 156625107 Совместимость SmallCut 300 Комплектация Катушка для турботриммера SmallCut 300 Gardena 05306-20- 1 шт Страна производства Китай Вес с упаковкой (кг) 0.1 кг Длина упаковки 6 см Высота упаковки 6 см,res/img/156625107.png,PNG,RGBA,"(246, 328)",55.8,1711020875.59652
113173192,Леска для тримера 4 мм звезда, Артикул 113173192 Комплектация Леска для триммера прочная; Леска триммерная; Леска для тиммера; Леска косилка; леска 3 мм на 15м Страна производства Китай Вес с упаковкой (кг) 0.1 кг Длина упаковки 10 см Высота упаковки 15 см Ширина упаковки 3 см,res/img/113173192.png,PNG,RGBA,"(246, 328)",89.33,1711020884.017706
107106980,Катушка для триммеров Bosch ART 23/26SL, Артикул 107106980 Материал изделия пластик Совместимость ART 23 SL; ART 26 SL Комплектация Шпулька с леской для триммеров Bosch ART 23 SL и ART 26 SL F016800385 Страна производства Китай Вес с упаковкой (кг) 0.06 кг Длина упаковки 12 см,res/img/107106980.png,PNG,RGBA,"(246, 328)",41.5,1711020892.347054
108760154,Леска для триммера Bosch AFS 23-37 (10шт) сечение квадрат, Артикул 108760154 Сечение корда квадрат Толщина нити 3.5 мм Комплектация Высокопрочная леска для триммера AFS 23-37- 10 шт Страна производства Китай Вес с упаковкой (кг) 0.11 кг Длина упаковки 12 см,res/img/108760154.png,PNG,RGBA,"(246, 328)",32.22,1711020900.358912
213546368,Катушка для триммера насадка, Артикул 213546368 Материал изделия металл; алюминий; пластик Совместимость катушка на бензиновый триммер; катушка с леской на электрический триммер Комплектация Катушка для триммера; насадка триммеры садовый; головка триммерная; насадка с леской на бензиновый триммер; шпулька для триммера Страна производства Китай Высота предмета 9 см Ширина предмета 16 см,res/img/213546368.png,PNG,RGBA,"(246, 328)",104.09,1711020908.8664849
156567087,Крышка катушки для EasyGrassCut F016F05320, Артикул 156567087 Совместимость EasyGrassCut Комплектация Крышка катушки для EasyGrassCut F016F05320- 1 шт Страна производства Китай Вес с упаковкой (кг) 0.07 кг Длина упаковки 9 см Высота упаковки 9 см,res/img/156567087.png,PNG,RGBA,"(246, 328)",28.17,1711020917.2915971
156622341,Крышка катушки для триммеров Bosch ART 24/ART 27/ART 30+, Артикул 156622341 Совместимость ART 24/27/30 Комплектация Крышка катушки для триммеров Bosch ART 24/ART 27/ART 30+- 1 шт Страна производства Китай Вес с упаковкой (кг) 0.05 кг Длина упаковки 7 см Высота упаковки 7 см,res/img/156622341.png,PNG,RGBA,"(246, 328)",38.22,1711020925.709704
81724469,Леска для триммера, Артикул 81724469 Комплектация леска для триммера Страна производства Китай Вес с упаковкой (кг) 0.2 кг Длина упаковки 13 см Высота упаковки 13 см Ширина упаковки 2 см,res/img/81724469.png,PNG,RGBA,"(246, 328)",57.4,1711020934.336761
28881812,"Леска для триммера KWB Profi 1,6 мм, 15 м, профиль ""круг""", Артикул 28881812 Материал изделия Нейлон 100% Длина (м) 15 м Сечение корда круг Толщина нити 1.6 мм Комплектация Леска x 1 Страна производства Китай,res/img/28881812.png,PNG,RGBA,"(246, 328)",85.59,1711020942.3485692
35889591,Триммер садовый, Артикул 35889591 Гарантийный срок 12 месяцев Мощность (лс) 3.4 лс Тип двигателя бензиновый Тип режущего инструмента леска/нож Объем двигателя 48.2 куб. см Объем топливного бака 1.2 л,res/img/35889591.png,PNG,RGBA,"(246, 328)",19.49,1711020950.4431229
66558690,Триммер бензиновый PATRIOT PT 4555ES Country (неразборная штанга)," Артикул 66558690 Модель PT 4555ES Мощность устройства 2,5 л.с. Тип двигателя 2 х тактный бензиновый Ширина скашивания (см) 46",res/img/66558690.png,PNG,RGBA,"(246, 328)",28.33,1711020958.842425
72281170,"Катушка для триммера универсальная, M10x1.25, алюминий", Артикул 72281170 Материал изделия abs пластик; алюминий; нейлон Совместимость триммер; бензокос; мотокос; косилка; Катушка для триммеров автоматическая с кнопкой; Головка триммерная М10; Электротриммер; бензотриммер; газонокосилка; Насадки катушек на триммер Комплектация 1 катушка с леской; Катушка головка с леской; катушка для триммера; Катушка голова автоматическая Страна производства Китай Вес с упаковкой (кг) 0.4 кг Длина упаковки 22 см,res/img/72281170.png,PNG,RGBA,"(246, 328)",172.14,1711020966.958356
27127852,"Леска для триммера 2 мм, 15 м (звезда)", Артикул 27127852 Комплектация леска Страна производства Китай Вес с упаковкой (кг) 0.2 кг Длина упаковки 9 см Высота упаковки 3 см Ширина упаковки 9 см,res/img/27127852.png,PNG,RGBA,"(246, 328)",50.96,1711020975.610015
76376997,"Леска для триммера 2,4 мм", Артикул 76376997 Материал изделия износостойкий нейлон Длина (м) 15 м Сечение корда Витой квадрат с сердечником Толщина нити 2.4 мм Комплектация леска для триммера - 1 шт Страна производства Китай,res/img/76376997.png,PNG,RGBA,"(246, 328)",141.44,1711020983.393525
32789684,Триммер садовый ЭТ-1700НВ, Артикул 32789684 Гарантийный срок 1 Питание от сети 220 В Мощность устройства 1700 Вт Тип двигателя электрический Тип режущего инструмента леска/нож Ширина скашивания (см) 42,res/img/32789684.png,PNG,RGBA,"(246, 328)",165.57,1711020991.772505
29665378,Головка триммерная универсальная алюминиевая паук, Артикул 29665378 Материал изделия алюминий Комплектация леска; головка триммерная; ключ; Шайбы Страна производства Китай Вес с упаковкой (кг) 0.3 кг Длина упаковки 10 см Высота упаковки 4 см,res/img/29665378.png,PNG,RGBA,"(246, 328)",138.38,1711021000.111686
156117733,"Набор аккумуляторного инструмента ZITREK 2в1, 1х2.0,1х4.0Ач"," Артикул 156117733 Модель GreenCut 20, ZKBL20 set 2 in 1 Гарантийный срок 1 год Емкость аккумулятора 2000; 4000 Количество аккумуляторов в комплекте 2",res/img/156117733.png,PNG,RGBA,"(246, 328)",48.51,1711021008.589772
72740263,Триммер бензиновый, Артикул 72740263 Модель GGT-1500SX Гарантийный срок 1 год Мощность устройства 1500 Мощность (лс) 2 лс,res/img/72740263.png,PNG,RGBA,"(246, 328)",152.81,1711021016.847785
30079591,"Триммер садовый бензиновый GGT-1900S, 1900Вт.", Артикул 30079591 Мощность устройства 1900 Вт Мощность (лс) 2.5 лс Тип режущего инструмента леска/нож Объем двигателя 51 куб. см Объем топливного бака 0.7 л Частота вращения шпинделя (об/мин) 9500 об/мин,res/img/30079591.png,PNG,RGBA,"(246, 328)",151.07,1711021024.921484
32789388,"Триммер садовый ЭТ-1500Н, 1500 Вт, скашивание леской - 420мм", Артикул 32789388 Модель Ресанта ЭТ-1500Н Гарантийный срок 1 год Питание от сети 220V Мощность устройства 1500 Вт,res/img/32789388.png,PNG,RGBA,"(246, 328)",163.65,1711021033.153467
32789196,"Триммер садовый ЭТ-1200Н, 1200 Вт", Артикул 32789196 Модель Ресанта ЭТ-1200Н Гарантийный срок 1 год Питание от сети 220 B Мощность устройства 1200Вт,res/img/32789196.png,PNG,RGBA,"(246, 328)",164.08,1711021041.332292
111529924,Ремень ранцевый для тримера, Артикул 111529924 Материал изделия металл; пластик Совместимость для всех видов триммера Комплектация Ремень ранцевый - 1 шт Страна производства Китай Длина предмета 30 см Ширина предмета 20 см,res/img/111529924.png,PNG,RGBA,"(246, 328)",130.11,1711021049.683882
158533040,Леска для триммера садовой техники косилки газона травы, Артикул 158533040 Материал изделия нейлон Длина (м) 15 м Сечение корда витой квадрат Толщина нити 2.4 мм Комплектация леска для триммера - 1 шт. Страна производства Китай,res/img/158533040.png,PNG,RGBA,"(246, 328)",136.96,1711021057.9220228
8144805,"Триммер электрический Арт. 21277 Deluxe, 500 Вт, 30 см", Артикул 8144805 Модель GST5033M Гарантийный срок 2 года Тип двигателя электрический Тип режущего инструмента леска,res/img/8144805.png,PNG,RGBA,"(246, 328)",18.28,1711021066.223476
149705421,Головка триммерная автоматическая загрузка лески С ПЕРЕХОД.," Артикул 149705421 Комплектация Головка триммерная в сборе 1 шт; переходники - гайка М8x1,25 левая; гайка М10x1,25 левая; гайка М12x1,5 левая; прямой адаптер с левой резьбой с М8 на М10 Страна производства Китай Вес с упаковкой (кг) 0.45 кг Длина упаковки 9 см Высота упаковки 16 см Ширина упаковки 25 см",res/img/149705421.png,PNG,RGBA,"(246, 328)",147.67,1711021074.47772
90489650,Леска для триммера, Артикул 90489650 Материал изделия нейлон; пластик; металл Длина (м) 60 м Сечение корда квадрат; витой квадрат Толщина нити 3 мм Комплектация Леска для триммера бобина - 1 шт Страна производства Китай,res/img/90489650.png,PNG,RGBA,"(246, 328)",193.14,1711021082.83951
137598695,Леска для триммера звездочка 15 метров садовая для косилки, Артикул 137598695 Материал изделия нейлон Длина (м) 15 м Сечение корда звезда Толщина нити 3.5 мм Комплектация леска Страна производства Китай,res/img/137598695.png,PNG,RGBA,"(246, 328)",61.71,1711021091.071351
8144788,"Триммер электрический Арт. 1301807, 1200 Вт, 40 см", Артикул 8144788 Модель GST1246 Гарантийный срок 2 года Мощность (лс) 1.63 лс Тип двигателя электрический,res/img/8144788.png,PNG,RGBA,"(246, 328)",20.99,1711021098.898407
91283189,Катушка для триммера, Артикул 91283189 Материал изделия пластик; нейлон Совместимость Триммер; бензотриммер; Бензокоса Комплектация Триммерная головка катушка для триммера покос травы Страна производства Китай Высота предмета 6 см Ширина предмета 11 см,res/img/91283189.png,PNG,RGBA,"(246, 328)",134.98,1711021107.0202649
11452727,"Аккумуляторный триммер GET-36-4Li, 36В, 4 а.ч., 31см", Артикул 11452727 Модель GET-36-4Li Гарантийный срок 1 год Тип двигателя электрический Тип режущего инструмента леска,res/img/11452727.png,PNG,RGBA,"(246, 328)",150.76,1711021115.163944
120298839,Бензиновый триммер Минск БГ-4500, Артикул 120298839 Гарантийный срок 1 год Мощность устройства 1.84 кВт Бензиновый двигатель 2-х тактный Комплектация ремень; штанга; набор ключей; бензотриммер; Катушка с леской Страна производства Китай Вес с упаковкой (кг) 7.83 кг,res/img/120298839.png,PNG,RGBA,"(246, 328)",27.68,1711021123.4685628
17212739,Триммер садовый бензиновый GGT-2900T + подарки, Артикул 17212739 Модель Huter GGT-2900T; GGT 2900T; 70/2/23 Гарантийный срок 1 год Тип аккумулятора без аккумулятора Количество аккумуляторов в комплекте без аккумулятора,res/img/17212739.png,PNG,RGBA,"(246, 328)",123.7,1711021131.854953
17212741,Триммер садовый бензиновый GGT-800T + подарки, Артикул 17212741 Модель Huter GGT-800T; GGT 800T; 70/2/1 Гарантийный срок 1 год Тип аккумулятора без аккумулятора Количество аккумуляторов в комплекте без аккумулятора,res/img/17212741.png,PNG,RGBA,"(246, 328)",122.29,1711021140.2099159
148566988,Триммер садовый бензиновый GGT-553TA, Артикул 148566988 Модель Huter GGT-553TA; GGT 553TA; 70/2/56 Гарантийный срок 1 год Тип аккумулятора без аккумулятора Количество аккумуляторов в комплекте без аккумулятора,res/img/148566988.png,PNG,RGBA,"(246, 328)",107.23,1711021148.685736
100578117,редуктор для триммера B0602, Артикул 100578117 Гарантийный срок 1 месяц Материал насадки металл Комплектация редуктор - 1 шт Страна производства Китай Вес с упаковкой (кг) 0.58 кг,res/img/100578117.png,PNG,RGBA,"(246, 328)",58.6,1711021157.036596
30085409,Триммер садовый бензиновый с разборной штангой GGT-1000S," Артикул 30085409 Гарантийный срок 1 год Мощность устройства 1000 Вт Мощность (лс) 1.4 лс Ширина скашивания (см) 46,6 Бензиновый двигатель да Объем двигателя 33 куб. см",res/img/30085409.png,PNG,RGBA,"(246, 328)",150.77,1711021165.395218
172221094,Леска для триммера витой-квадрат 3.0 мм, Артикул 172221094 Материал изделия износостойкий нейлон 100% (полиамид) Длина (м) 15 м Сечение корда витой квадрат Толщина нити 3 мм Комплектация Леска; для триммера; 1; шт; витой квадрат; 15 метров; сечение корда; 3.0 Страна производства Россия,res/img/172221094.png,PNG,RGBA,"(246, 328)",88.97,1711021173.8324668
172224272,Леска для триммера витой-квадрат 2.4 мм, Артикул 172224272 Материал изделия износостойкий нейлон 100% (полиамид) Длина (м) 15 м Сечение корда витой квадрат Толщина нити 2.4 мм Комплектация Леска; для триммера; 1; шт; витой квадрат; 15 метров; сечение; 2.4 Страна производства Россия,res/img/172224272.png,PNG,RGBA,"(246, 328)",88.59,1711021182.4473011
79953744,Леска триммер 2.4 косилка травы 2 шт, Артикул 79953744 Материал изделия Нейлон 100% Длина (м) 15 м Сечение корда круг; звезда Толщина нити 2.4 мм Комплектация леска для триммера круг или звезда на выбор - 2шт Страна производства Россия,res/img/79953744.png,PNG,RGBA,"(246, 328)",135.16,1711021190.582767
25970242,"Насадка на триммер T002 полуавтомат, М10х1.25 левая резьба"," Артикул 25970242 Материал насадки пластик, металл; PA Комплектация Насадка для триммера T002 Vertextools полуавтомат М10х1.25 левая резьба Страна производства Китай Вес с упаковкой (кг) 0.4 кг",res/img/25970242.png,PNG,RGBA,"(246, 328)",100.28,1711021199.3887072
39871204,Леска для триммера 15 метров," Артикул 39871204 Длина (м) 15 м Сечение корда 2,4 Комплектация Лески для триммеров Страна производства Китай Вес с упаковкой (кг) 0.1 кг Длина упаковки 13 см",res/img/39871204.png,PNG,RGBA,"(246, 328)",43.94,1711021207.400613
26951263,"Триммер садовый бензиновый, HUTER GGT-2500S", Артикул 26951263 Мощность (лс) 3.3 лс Тип режущего инструмента леска/нож Максимальный уровень звука/шума 96 дБ Объем двигателя 51.7 куб. см Объем топливного бака 0.7 л Толщина лески 2.4 мм,res/img/26951263.png,PNG,RGBA,"(246, 328)",152.48,1711021215.5250602
148566959,Триммер садовый бензиновый BT-2500, Артикул 148566959 Модель STEHER BT-2500; BT 2500 Гарантийный срок 1 год Тип аккумулятора без аккумулятора Количество аккумуляторов в комплекте без аккумулятора,res/img/148566959.png,PNG,RGBA,"(246, 328)",55.64,1711021223.442335
148566968,Триммер садовый бензиновый BT-1300, Артикул 148566968 Модель STEHER BT-1300; BT 1300 Гарантийный срок 1 год Тип аккумулятора без аккумулятора Количество аккумуляторов в комплекте без аккумулятора,res/img/148566968.png,PNG,RGBA,"(246, 328)",55.8,1711021231.530195
25573651,"Леска для триммеров витая, квадрат, армированая, 2 мм 15м", Артикул 25573651 Материал изделия нейлон Длина (м) 15 м Сечение корда витой квадрат Комплектация леска Страна производства Россия Вес с упаковкой (кг) 0.8 кг,res/img/25573651.png,PNG,RGBA,"(246, 328)",105.06,1711021239.709449
30079209,Триммер садовый бензиновый Huter GGT-1500S, Артикул 30079209 Мощность (лс) 2 лс Тип режущего инструмента леска/нож Бензиновый двигатель да Объем двигателя 42 куб. см Объем топливного бака 0.7 л Частота вращения шпинделя (об/мин) 9500 об/мин,res/img/30079209.png,PNG,RGBA,"(246, 328)",150.78,1711021247.659329
78402583,Триммер бензиновый HUTER GGT-2500S PRO, Артикул 78402583 Модель GGT 2500S PRO Гарантийный срок 1 год Мощность устройства 2500 Вт Мощность (лс) 3.4 лс,res/img/78402583.png,PNG,RGBA,"(246, 328)",154.3,1711021256.427556
46285610,"Катушка для триммера 2.4 - 3 мм, посадка 25.4 мм", Артикул 46285610 Комплектация катушка для триммера Страна производства Китай Вес с упаковкой (кг) 0.15 кг Длина упаковки 16 см Высота упаковки 1 см Ширина упаковки 15 см,res/img/46285610.png,PNG,RGBA,"(246, 328)",24.67,1711021265.0075939
31415608,Триммер садовый бензиновый с разборной штангой БТР-2500Р, Артикул 31415608 Мощность устройства 2500 Вт Мощность (лс) 3.4 лс Тип режущего инструмента диск/леска Ширина скашивания (см) 46 Максимальный уровень звука/шума 96 дБ Бензиновый двигатель да,res/img/31415608.png,PNG,RGBA,"(246, 328)",172.92,1711021273.292295
25777136,Триммер садовый бензиновый БТР-2900П + подарки, Артикул 25777136 Модель Ресанта БТР-2900П; БТР 2900П; 70/2/44 Гарантийный срок 1 год Тип аккумулятора без аккумулятора Количество аккумуляторов в комплекте без аккумулятора,res/img/25777136.png,PNG,RGBA,"(246, 328)",132.33,1711021281.5341692
170668239,Садовый триммер электрический, Артикул 170668239 Модель аккумуляторная; беспроводной; ручной Гарантийный срок 12 месяцев Тип аккумулятора Li-Ion Емкость аккумулятора 3000 мА*ч,res/img/170668239.png,PNG,RGBA,"(246, 328)",95.33,1711021290.583982
98137310,Крышка катушки для триммера Bosch ART Easytrim/Combitrim, Артикул 98137310 Материал изделия пластмасса Комплектация Крышка катушки Страна производства Китай Вес с упаковкой (кг) 0.03 кг Длина упаковки 13 см Высота упаковки 16 см,res/img/98137310.png,PNG,RGBA,"(246, 328)",27.21,1711021298.9262772
57926908,"Триммерная леска круг GENERAL D1,6 мм L15 м", Артикул 57926908 Комплектация Леска триммерная; Леска триммерная -1шт. Страна производства Китай Вес с упаковкой (кг) 1 кг Длина упаковки 7 см Высота упаковки 2 см Ширина упаковки 16 см,res/img/57926908.png,PNG,RGBA,"(246, 328)",21.62,1711021306.971446
137599333,Леска для триммера звездочка 15 метров садовая для косилки, Артикул 137599333 Материал изделия нейлон Длина (м) 15 м Сечение корда звезда Толщина нити 2 мм Комплектация леска Страна производства Китай,res/img/137599333.png,PNG,RGBA,"(246, 328)",14.34,1711021316.063513
216163147,Головка для триммера с цепью," Артикул 216163147 Материал изделия металл; алюминий; пластик Совместимость Соместима с бензиновыми, электрическими садовыми триммерами Комплектация катушка триммеры садовый; головка триммеры с цепью; головка для триммера металлическая Страна производства Китай Высота предмета 6 см Вес с упаковкой (кг) 0.56 кг",res/img/216163147.png,PNG,RGBA,"(246, 328)",121.82,1711021324.710099
140478540,Газонокосилка PATRIOT PT 400 512109400," Артикул 140478540 Модель PT 400 Гарантийный срок 2 года Питание бензин АИ-92 Мощность устройства 2,57 кВт",res/img/140478540.png,PNG,RGBA,"(246, 328)",36.63,1711021333.380418
33614143,"Леска для триммера, сечение звезда, d=2 мм, 170 м", Артикул 33614143 Материал изделия нейлон Длина (м) 170 м Сечение корда звезда Толщина нити 2 мм Комплектация леска для триммера Страна производства Россия,res/img/33614143.png,PNG,RGBA,"(246, 328)",58.68,1711021342.146467
146740935,"Головка триммерная М12*1,5-М 145мм Stihl FS Левая оранж кн"," Артикул 146740935 Материал изделия abs пластик; ударопрочный пластик Совместимость М12*1,5-М 145мм Stihl FS350/400/450, Левая резьба (с оранжевой кнопкой) Комплектация головка триммерная-1 шт Страна производства Китай Высота предмета 5 см Ширина предмета 13 см",res/img/146740935.png,PNG,RGBA,"(246, 328)",103.0,1711021350.51758
148677588,Редуктор нижний для бензокосы триммер 7 шлицов D-28мм, Артикул 148677588 Комплектация Редуктор в сборе для бензокосы Страна производства Китай Вес с упаковкой (кг) 0.35 кг Длина упаковки 13 см Высота упаковки 9 см Ширина упаковки 15 см,res/img/148677588.png,PNG,RGBA,"(246, 328)",119.35,1711021358.860242
162040798,Леска для триммера армированная, Артикул 162040798 Материал изделия полиамид; нейлон; графит Длина (м) 15 м Сечение корда витой квадрат Комплектация Леска для триммера с сердечником Страна производства Китай Вес с упаковкой (кг) 0.15 кг,res/img/162040798.png,PNG,RGBA,"(246, 328)",85.05,1711021367.887605
16657221,"Триммер аккумуляторный Greenworks, 24V, 28 см, с АКБ 2АЧ и ЗУ", Артикул 16657221 Комплектация инструкция; гарантийный талон; триммер садовый; Зарядное устройство - 1 шт.; аккумулятор 2АЧ Страна производства Китай Длина упаковки 94 см Высота упаковки 20 см Ширина упаковки 24 см,res/img/16657221.png,PNG,RGBA,"(246, 328)",13.11,1711021375.9276102
122963071,Триммер садовый электрический," Артикул 122963071 Модель елескопический садовый триммер , косилка не самоходная , ручная беспроводная газонокосилка Тип аккумулятора батарейка тип АА Питание от батареек Тип режущего инструмента леска",res/img/122963071.png,PNG,RGBA,"(246, 328)",53.16,1711021384.665308
164327970,"Триммер-кусторез аккумуляторный садовый GET-3,6H Huter"," Артикул 164327970 Модель Huter GET - 3,6; аккумуляторный; садовый Гарантийный срок 1 год Тип аккумулятора Li-Ion Емкость аккумулятора 1500 мА*ч",res/img/164327970.png,PNG,RGBA,"(246, 328)",100.8,1711021392.77598
81316383,"Триммер электрический 350Вт дачный, для садового газона, леска в подарок, катушка полуавтомат Denzel"," Артикул 81316383 Питание Электрическая вилка Мощность устройства 350 Вт Тип двигателя Электрический триммер Ширина скашивания (см) 26 Максимальный уровень звука/шума 110 дБ Толщина лески 1,3мм",res/img/81316383.png,PNG,RGBA,"(246, 328)",182.61,1711021401.487325
166793445,Нож для триммера насадка для триммера диск для триммера, Артикул 166793445 Количество предметов в упаковке 1 шт Материал изделия сталь Посадочный диаметр 25 мм Комплектация диск для триммера; упаковка Страна производства Китай Длина упаковки 26 см,res/img/166793445.png,PNG,RGBA,"(246, 328)",25.95,1711021409.8473961
145993206,Катушка для триммера садового DENZEL 96365," Артикул 145993206 Гарантийный срок 1 год Материал насадки пластик Комплектация Катушка - 1 шт; М6 х 1,25 и М8 х 1,25 с правой резьбой - 2 шт; М8 х 1,25 с левой - 1 шт Страна производства Китай Вес с упаковкой (кг) 0.32 кг",res/img/145993206.png,PNG,RGBA,"(246, 328)",52.8,1711021419.081244
8144803,"Триммер электрический Арт. 21117, 280W, 20 см", Артикул 8144803 Модель GST2830 Гарантийный срок 2 года Мощность (лс) 0.3 лс Тип двигателя электрический,res/img/8144803.png,PNG,RGBA,"(246, 328)",24.14,1711021427.862608
211780093,"Леска для триммера 2 мм на 15 м. Сечение ""Квадрат"".", Артикул 211780093 Материал изделия нейлон Длина (м) 15 м Сечение корда квадрат Толщина нити 2 мм Страна производства Россия Длина упаковки 9 см,res/img/211780093.png,PNG,RGBA,"(246, 328)",61.16,1711021436.678252
81540326,Леска для триммера d 2 мм x 63 м сечение бесшумная, Артикул 81540326 Материал изделия нейлон Длина (м) 63 м Сечение корда бесшумная Толщина нити 2 мм Комплектация Леска для триммера d 2 мм x 63 м сечение бесшумная STARTUL GARDEN (ST6063-20) Страна производства Китай,res/img/81540326.png,PNG,RGBA,"(246, 328)",103.86,1711021444.810142
155359656,Триммер садовый электрический Brait BR-1600P электрокоса, Артикул 155359656 Модель BR-1600P; тип рукоятки D-образная Гарантийный срок 1 год Количество аккумуляторов в комплекте без аккумулятора Питание от сети; электрический,res/img/155359656.png,PNG,RGBA,"(246, 328)",145.01,1711021453.18903
147036174,Триммер электрический Small Cut Plus 350/23, Артикул 147036174 Модель SmallCut Гарантийный срок 2 года Питание от сети Мощность устройства 350 Вт,res/img/147036174.png,PNG,RGBA,"(246, 328)",31.67,1711021461.546123
147159403,Триммер электрический СОЮЗ ГКС-3515, Артикул 147159403 Модель ГКС-3515 Гарантийный срок 14 месяцев Питание От сети (220 В) Мощность устройства 1500 вт,res/img/147159403.png,PNG,RGBA,"(246, 328)",31.77,1711021469.831531
21294418,"Триммер аккумуляторный Greenworks GD40BC, 40V, 40 см, бесщеточный, без АКБ и ЗУ", Артикул 21294418 Комплектация инструкция; гарантийный талон; аккумуляторный триммер Страна производства Китай Длина упаковки 99 см Высота упаковки 38 см Ширина упаковки 58 см,res/img/21294418.png,PNG,RGBA,"(246, 328)",13.54,1711021478.197589
83399827,Леска для триммера (бухта) NEW серебро 4.0мм x 200м звезда с графитовым наполнителем Duoline S19270, Артикул 83399827 Длина (м) 200 м Комплектация леска -1 шт. Страна производства Китай Длина упаковки 10 см Высота упаковки 25 см Ширина упаковки 10 см,res/img/83399827.png,PNG,RGBA,"(246, 328)",84.13,1711021486.849076
161016384,Триммер для травы Zip Trim/Газонокосилка/садовый, Артикул 161016384 Модель Триммер для травы; газонокосилка триммер; триммер аккумуляторный садовый Тип аккумулятора батарейка тип АА Тип режущего инструмента леска Ширина скашивания (см) 10 см,res/img/161016384.png,PNG,RGBA,"(246, 328)",132.76,1711021495.4157472
154251555,"Леска для триммера 2,0 мм витой квадрат. Длина 15 м", Артикул 154251555 Вес с упаковкой (кг) 0.06 кг Длина упаковки 12 см Высота упаковки 5 см Ширина упаковки 12 см,res/img/154251555.png,PNG,RGBA,"(246, 328)",147.28,1711021503.845576
142224421,Леска триммерная, Артикул 142224421 Вес с упаковкой (кг) 1 кг Длина упаковки 1 см Высота упаковки 1 см Ширина упаковки 1 см,res/img/142224421.png,PNG,RGBA,"(246, 328)",54.89,1711021512.11877
139336967,Плечевые ремни для триммеров," Артикул 139336967 Материал изделия пластмасса; текстиль Совместимость Триммер Комплектация Система плечевых ремней для триммеров ТУНДРА, с защитой бедра Вес с упаковкой (кг) 0.35 кг Длина упаковки 25 см Высота упаковки 5 см",res/img/139336967.png,PNG,RGBA,"(246, 328)",33.36,1711021520.4625611
164127773,Триммер аккумуляторный для травы ручной садовый для газона, Артикул 164127773 Модель BETTA Емкость аккумулятора 1300 мА*ч Количество аккумуляторов в комплекте 1 Питание от аккумулятора,res/img/164127773.png,PNG,RGBA,"(246, 328)",171.92,1711021528.727082
90513020,Катушка для триммера триммерная головка, Артикул 90513020 Материал изделия пластик; нейлон Совместимость Триммер; бензотриммер; Бензокоса Комплектация Катушка триммерная - 1 шт Страна производства Китай Вес с упаковкой (кг) 0.25 кг Длина упаковки 11 см,res/img/90513020.png,PNG,RGBA,"(246, 328)",132.11,1711021537.024985
149951164,Катушка для лески триммерная, Артикул 149951164 Страна производства Китай Вес с упаковкой (кг) 0.13 кг Длина упаковки 6 см Высота упаковки 18 см Ширина упаковки 14 см,res/img/149951164.png,PNG,RGBA,"(246, 328)",21.89,1711021545.223018
162278346,"Триммер бензиновый DTS-43S, 43 см3, разъемная штанга, состои"," Артикул 162278346 Тип двигателя бензиновый Тип штанги разъемная Комплектация Двигатель с правой рукояткой - 1 шт, Левая рукоятка - 1 шт, Штанга в сборе с редуктором и корпусом Страна производства Китай Вес с упаковкой (кг) 7 кг Вес без упаковки (кг) 7 кг",res/img/162278346.png,PNG,RGBA,"(246, 328)",23.24,1711021553.4923048
170844853,Триммер садовый электрический ТСВ-38-1300, Артикул 170844853 Модель ТСВ 38-1300; Зубр ТСВ-38-1300 Гарантийный срок 5 лет Тип аккумулятора без аккумулятора Количество аккумуляторов в комплекте без аккумулятора,res/img/170844853.png,PNG,RGBA,"(246, 328)",30.08,1711021561.704041
147036164,Триммер электрический SmallCut 300/23 с катушкой лески, Артикул 147036164 Модель SmallCut Гарантийный срок 2 года Питание от сети Мощность устройства 300 вт,res/img/147036164.png,PNG,RGBA,"(246, 328)",32.21,1711021570.094551
154942288,"Катушка DL-1224 для триммеров TR 240 Li, TR 235 Li", Артикул 154942288 Материал изделия пластик Совместимость TR 240 Li; TR 235 Li Комплектация катушка - 2 шт.; упаковка Страна производства Китай Вес с упаковкой (кг) 0.6 кг Длина упаковки 40 см,res/img/154942288.png,PNG,RGBA,"(246, 328)",20.4,1711021578.3156018
100669940,редуктор для триммера B0603, Артикул 100669940 Гарантийный срок 1 месяц Материал насадки металл Комплектация редуктор - 1 шт Страна производства Китай Вес с упаковкой (кг) 0.6 кг,res/img/100669940.png,PNG,RGBA,"(246, 328)",61.46,1711021586.511046
27127862,Катушка триммерная (полуавтомат), Артикул 27127862 Материал изделия пластик Комплектация катушка Страна производства Китай Вес с упаковкой (кг) 0.2 кг,res/img/27127862.png,PNG,RGBA,"(246, 328)",31.82,1711021594.9338849
83815761,Леска для триммера, Артикул 83815761 Комплектация Леска для триммера - 1ш Страна производства Марокко Вес с упаковкой (кг) 0.2 кг Длина упаковки 13 см Высота упаковки 13 см Ширина упаковки 2 см,res/img/83815761.png,PNG,RGBA,"(246, 328)",69.08,1711021602.750145
83816649,Леска для триммера, Артикул 83816649 Комплектация Леска для триммера - 1шт Страна производства Марокко Вес с упаковкой (кг) 0.2 кг Длина упаковки 13 см Высота упаковки 13 см Ширина упаковки 2 см,res/img/83816649.png,PNG,RGBA,"(246, 328)",58.97,1711021611.0413408
81727495,Леска для триммера, Артикул 81727495 Комплектация Леска для триммера - 1ш Страна производства Китай Вес с упаковкой (кг) 0.2 кг Длина упаковки 13 см Высота упаковки 13 см Ширина упаковки 2 см,res/img/81727495.png,PNG,RGBA,"(246, 328)",64.33,1711021619.2287989
152645052,"Леска для триммера - армированная - d=3 мм, 5 м", Артикул 152645052 Материал изделия нейлон Длина (м) 5 м Сечение корда круг Толщина нити 3 мм Комплектация моток лески для триммера - 1шт Страна производства Россия,res/img/152645052.png,PNG,RGBA,"(246, 328)",42.35,1711021627.408915
28680567,"Леска для триммера 2 мм х 30 см, круглая, 50 шт., 96100", Артикул 28680567 Материал изделия полиамид Длина (м) 0.3 м Сечение корда круг Толщина нити 2 мм Комплектация леска для триммера Страна производства Китай,res/img/28680567.png,PNG,RGBA,"(246, 328)",35.14,1711021635.8703392
165590839,Катушка для триммера головка триммерная, Артикул 165590839 Материал изделия алюминиевый сплав; стальная пружина; ударопрочный пластик Совместимость на бензотриммеры с резьбой М10 левой шаг 1.25 (большинство триммеров) Комплектация головка триммерная Страна производства Китай Высота предмета 7 см Ширина предмета 13.5 см,res/img/165590839.png,PNG,RGBA,"(246, 328)",174.21,1711021644.6676621
11450101,"Триммер Т 43Р Промо, 43 см3, 1.8 л.с., захват 25/44 см", Артикул 11450101 Гарантийный срок 1 год Мощность (лс) 1.8 лс Тип двигателя бензиновый Тип режущего инструмента леска/нож Ширина скашивания (см) 44 см леской / 25 см ножом Максимальный уровень звука/шума 1 дБ,res/img/11450101.png,PNG,RGBA,"(246, 328)",109.63,1711021653.338869
163728166,Триммер садовый Газонокосилка PROtech 18В, Артикул 163728166 Модель триммер; триммер садовый; Газонокосилка Гарантийный срок 1 год; 12 месяцев; по чеку Тип аккумулятора Li-Ion; 2 акб в комплекте Емкость аккумулятора 2.0,res/img/163728166.png,PNG,RGBA,"(246, 328)",140.1,1711021661.980156
83429888,"Катушка для триммера M10 x 1.25 левая, полуавтомат"," Артикул 83429888 Комплектация Катушка для триммера, бензокосы M10 x 1.25 левая, насадка для триммера, триммерная головка - 1 шт Страна производства Китай Вес с упаковкой (кг) 0.2 кг Длина упаковки 17 см Высота упаковки 7 см Ширина упаковки 13 см",res/img/83429888.png,PNG,RGBA,"(246, 328)",61.92,1711021670.2993548
141119610,Триммер садовый электрический для травы мотокоса TE-90, Артикул 141119610 Модель TE-90 Гарантийный срок 2 года Питание от сети Мощность устройства 900 Вт,res/img/141119610.png,PNG,RGBA,"(246, 328)",120.67,1711021678.632538
170236672,Катушка для тримера М10х1.25 левая резьба, Артикул 170236672 Вес с упаковкой (кг) 0.4 кг Длина упаковки 15 см Высота упаковки 10 см Ширина упаковки 15 см,res/img/170236672.png,PNG,RGBA,"(246, 328)",32.41,1711021686.859801
32913152,Катушка для триммера Головка универсальная Шпуля, Артикул 32913152 Комплектация насадка для триммера Страна производства Китай Вес с упаковкой (кг) 0.3 кг Длина упаковки 15 см Высота упаковки 8 см Ширина упаковки 12 см,res/img/32913152.png,PNG,RGBA,"(246, 328)",76.33,1711021695.20176
168700358,Ножи для аккумуляторного электрического садового триммера, Артикул 168700358 Количество предметов в упаковке 10 шт. Материал изделия пластик Посадочный диаметр 5 мм Внешний диаметр предмета 13.5 см Комплектация ножи пластиковые для триммера - 10 шт Страна производства Китай,res/img/168700358.png,PNG,RGBA,"(246, 328)",89.85,1711021703.637963
169000377,"Катушка для триммера с леской 1,65 мм и крышкой, 2926207"," Артикул 169000377 Материал изделия abs-пластик Комплектация Катушка для триммера с леской 1,65 мм и крышкой Страна производства Китай Вес с упаковкой (кг) 0.8 кг Длина упаковки 16 см Высота упаковки 4 см",res/img/169000377.png,PNG,RGBA,"(246, 328)",47.58,1711021711.988283
139635050,Ремень ранцевый для триммера на два плеча универсальный, Артикул 139635050 Материал изделия гибкий пластик; капрон Совместимость Триммер; Электротриммер; Бензокоса Комплектация Ремень триммера - 1 шт Страна производства Китай Вес с упаковкой (кг) 0.4 кг Длина упаковки 34 см,res/img/139635050.png,PNG,RGBA,"(246, 328)",146.73,1711021720.0693362
207674185,Ремень ранцевый для триммера BT-PRO Huter, Артикул 207674185 Страна производства Китай Длина предмета 40 см Ширина предмета 35 см Высота предмета 11 см Вес с упаковкой (кг) 0.7 кг Длина упаковки 40 см,res/img/207674185.png,PNG,RGBA,"(246, 328)",45.11,1711021728.424625
28882459,"Леска для триммера KWB Profi 2 мм, 15 м, профиль""круг""", Артикул 28882459 Материал изделия Нейлон 100% Длина (м) 15 м Сечение корда круг Толщина нити 2 мм Комплектация Леска x 1 Страна производства Китай,res/img/28882459.png,PNG,RGBA,"(246, 328)",77.05,1711021736.811886
158473391,"Леска для триммера сечение ""витой квадрат"" 3,0 мм х 200 м", Артикул 158473391 Материал изделия нейлон Длина (м) 200 м Сечение корда витой квадрат Комплектация Леска для триммера - 1 шт Страна производства Россия Вес с упаковкой (кг) 1.31 кг,res/img/158473391.png,PNG,RGBA,"(246, 328)",68.12,1711021745.067294
11299127,"Триммер электрический сетевой GL8033-QS, 800 Вт, 33 см", Артикул 11299127 Модель нет Гарантийный срок 2года Тип двигателя электрический Тип режущего инструмента леска,res/img/11299127.png,PNG,RGBA,"(246, 328)",33.9,1711021753.581017
170536276,Триммер колесный бензиновый, Артикул 170536276 Модель LMH5629 Мощность устройства 2900 Вт Мощность (лс) 4 лс Тип двигателя бензиновый,res/img/170536276.png,PNG,RGBA,"(246, 328)",42.9,1711021761.583126
173670544,Триммер бензиновый садовый бензокоса для травы TR-2500T, Артикул 173670544 Модель Eurolux TR-2500T Гарантийный срок 1 год Тип аккумулятора нет Емкость аккумулятора нет,res/img/173670544.png,PNG,RGBA,"(246, 328)",17.15,1711021769.807429
175645986,Триммер бензиновый садовый бензокоса косилка Бтр2500П Проф," Артикул 175645986 Модель БТР-2500П ПРОФ Гарантийный срок 12 месяцев Мощность устройства 2,5 Вт Мощность (лс) 3.4 лс",res/img/175645986.png,PNG,RGBA,"(246, 328)",15.07,1711021778.1899168
175645983,Триммер бензиновый садовый бензокоса косилка Бтр-1900П," Артикул 175645983 Модель БТР-1900П Гарантийный срок 1 год Мощность устройства 1,9 Мощность (лс) 2.58 лс",res/img/175645983.png,PNG,RGBA,"(246, 328)",26.04,1711021787.292586
35889523,Триммер садовый бензиновый, Артикул 35889523 Модель БТР-1900П Гарантийный срок 2 года Мощность устройства 1900 Вт Мощность (лс) 2.58 лс,res/img/35889523.png,PNG,RGBA,"(246, 328)",26.1,1711021795.6659641
174434092,"Триммер бензиновый садовый PT 543, 2.5лс", Артикул 174434092 Модель PT 543 Питание бензин+масло Мощность устройства 1470 Вт Мощность (лс) 2.5 лс,res/img/174434092.png,PNG,RGBA,"(246, 328)",20.29,1711021803.858297
174432253,"Триммер бензиновый садовый PT 453 (1+1), 3лс", Артикул 174432253 Модель PT 453 (1+1) Количество аккумуляторов в комплекте без аккумулятора Питание бензин+масло Мощность устройства 2200 Вт,res/img/174432253.png,PNG,RGBA,"(246, 328)",20.53,1711021812.0563252
193456294,Триммер бензиновый садовый бензокоса косилка КС-1800Р, Артикул 193456294 Модель СИБРТЕХ КС-1800Р Гарантийный срок 1 год Тип аккумулятора нет Емкость аккумулятора нет,res/img/193456294.png,PNG,RGBA,"(246, 328)",26.85,1711021821.044826
169868438,Пластиковая крышка головки триммера, Артикул 169868438 Материал насадки abs-пластик; пластик Комплектация крышка - 1 шт Страна производства Китай Длина упаковки 10 см Высота упаковки 5 см Ширина упаковки 10 см,res/img/169868438.png,PNG,RGBA,"(246, 328)",67.15,1711021829.287255
32788767,Триммер садовый ЭТ-20-2ЛИ, Артикул 32788767 Модель РЕСАНТА ЭТ-20-2ЛИ Гарантийный срок 1 год Тип аккумулятора Литий-ионный Емкость аккумулятора 2 mah,res/img/32788767.png,PNG,RGBA,"(246, 328)",163.56,1711021837.481154
36485887,"Ремень для триммера, бензокосы ранцевый", Артикул 36485887 Материал изделия металл; пластик; непроницаемый высокопрочный нейлон Совместимость для любых моделей триммеров Комплектация Ремень ранцевый садовый триммер - 1 шт Страна производства Китай Длина предмета 26 см Ширина предмета 16 см,res/img/36485887.png,PNG,RGBA,"(246, 328)",58.48,1711021845.337965
32790048,"Триммер садовый ЭТ-600, 600Вт, ширина - 320мм", Артикул 32790048 Гарантийный срок 1 Питание от сети 220 Вольт Мощность устройства 600Вт Тип двигателя электрический Тип режущего инструмента леска нейлоновая Ширина скашивания (см) 32,res/img/32790048.png,PNG,RGBA,"(246, 328)",165.97,1711021853.533939
111124662,Леска для триммера звезда 3 мм катушка 144 метра, Артикул 111124662 Длина (м) 19 м Сечение корда звезда Толщина нити 3 мм Комплектация Леска на катушке звезда 3 мм - 144 метра Страна производства Китай,res/img/111124662.png,PNG,RGBA,"(246, 328)",99.52,1711021861.902983
164844986,Леска для триммера 2шт, Артикул 164844986 Материал изделия нейлон Длина (м) 15 м Сечение корда звезда Толщина нити 3 мм Комплектация 2 шт. Страна производства Россия,res/img/164844986.png,PNG,RGBA,"(246, 328)",100.37,1711021870.320836
