title,url
Триммер садовый электрический для травы Garden,https://www.wildberries.ru/catalog/209650955/detail.aspx
Триммер аккумуляторный садовый дачный кусторез VOYOR,https://www.wildberries.ru/catalog/77278318/detail.aspx
"Триммер аккумуляторный GreenCut 20 (20В, акб 2шт) Zitrek",https://www.wildberries.ru/catalog/18565737/detail.aspx
Триммер аккумуляторный садовый дачный кусторез VOYOR,https://www.wildberries.ru/catalog/113066515/detail.aspx
Триммер-газонокосилка аккумуляторный GreenCut 20 Pro Zitrek,https://www.wildberries.ru/catalog/151530782/detail.aspx
Триммер для травы аккумуляторный садовый ручной мощный HuoGuo,https://www.wildberries.ru/catalog/164885226/detail.aspx
Триммер садовый Семирот,https://www.wildberries.ru/catalog/208141196/detail.aspx
"Леска для триммера звезда 2,4мм 100м Polyagro",https://www.wildberries.ru/catalog/145821973/detail.aspx
"Катушка для триммера, леска для триммера Штукарь",https://www.wildberries.ru/catalog/81408162/detail.aspx
Кусторез триммер садовый аккумуляторный FORTBERG,https://www.wildberries.ru/catalog/202528239/detail.aspx
Триммер аккумуляторный для травы садовый HORDER,https://www.wildberries.ru/catalog/209801388/detail.aspx
Леска для триммера квадрат 3 мм 100 м Polyagro,https://www.wildberries.ru/catalog/145821971/detail.aspx
Триммер для травы аккумуляторный садовый ручной мощный HuoGuo,https://www.wildberries.ru/catalog/166091882/detail.aspx
Катушка для триммера садового леска насадка для триммера,https://www.wildberries.ru/catalog/208929943/detail.aspx
"Набор аккумуляторного инструмента 2 в 1, 2х2.0Ач Zitrek",https://www.wildberries.ru/catalog/156114215/detail.aspx
Насадка на триммер бензиновый электрический насадка для триммера,https://www.wildberries.ru/catalog/210307736/detail.aspx
Катушка для триммера Y-A002 TITAN /,https://www.wildberries.ru/catalog/151723698/detail.aspx
Универсальная шпуля-головка T35 для триммера Husqvarna GaminGo,https://www.wildberries.ru/catalog/70070913/detail.aspx
Леска для катушки триммера 2.4 мм звезда BARSIKhome,https://www.wildberries.ru/catalog/83254734/detail.aspx
Триммер садовый аккумуляторный 2 в 1 DKTR40 063-4230 DEKO,https://www.wildberries.ru/catalog/39727485/detail.aspx
"Прочная леска для триммера квадрат 2,4мм Югай",https://www.wildberries.ru/catalog/76566433/detail.aspx
"Леска для триммера 2,4мм 15м звезда TRIMMER LINE",https://www.wildberries.ru/catalog/158256245/detail.aspx
"Прочная армированная леска для триммера от 2,4 до 4 мм Югай",https://www.wildberries.ru/catalog/153270175/detail.aspx
Ремень наплечный для триммера. Профессиональный ранцевый GaminGo,https://www.wildberries.ru/catalog/70243028/detail.aspx
Садовый триммер для травы аккумуляторный WITSE,https://www.wildberries.ru/catalog/74250607/detail.aspx
"Катушка для триммера, головка с леской GTH ""Easy Load"" Huter",https://www.wildberries.ru/catalog/95907911/detail.aspx
Нож стальной для триммера садового. Набор 2 шт ElroMos,https://www.wildberries.ru/catalog/158774341/detail.aspx
Садовый триммер для травы аккумуляторный WITSE,https://www.wildberries.ru/catalog/162724263/detail.aspx
"Нож для мотокосы BB0013 Standart 255 x 25,4 x 3T, Multi TUSCAR",https://www.wildberries.ru/catalog/171106503/detail.aspx
"Леска Квадрат, 2,4мм.х158м. на бобине 0,9 кг МастерАлмаз",https://www.wildberries.ru/catalog/83965255/detail.aspx
"Леска звездочка для триммера 2,4 мм*15 м STIHL",https://www.wildberries.ru/catalog/210928422/detail.aspx
Триммер аккумуляторный для травы садовый HORDER,https://www.wildberries.ru/catalog/209801389/detail.aspx
Диск для триммера насадка на триммер Hitman,https://www.wildberries.ru/catalog/88145485/detail.aspx
Головка для триммера катушка на триммер Hitman,https://www.wildberries.ru/catalog/110277654/detail.aspx
"Прочная армированная леска для триммера от 2,4 до 4 мм Югай",https://www.wildberries.ru/catalog/76572141/detail.aspx
Диск для триммера насадка культиватор на триммер Hitman,https://www.wildberries.ru/catalog/154463370/detail.aspx
"Леска для триммера 2,7 мм, длина 15 м CASALINGA",https://www.wildberries.ru/catalog/148516227/detail.aspx
"Леска для триммера 2,7 мм, длина 15 м, синий TiLe.home",https://www.wildberries.ru/catalog/147019572/detail.aspx
"Леска для триммера крученая с нитью, 2,4 мм, длина 15 м CASALINGA",https://www.wildberries.ru/catalog/148686467/detail.aspx
Триммер садовый аккумуляторный GreenCut 20 2x1.5Ач 082-2003 Zitrek,https://www.wildberries.ru/catalog/153619857/detail.aspx
"Триммер садовый электрический DKTR500,складной 065-1210 DEKO",https://www.wildberries.ru/catalog/151532281/detail.aspx
Триммер садовый бензиновый с разборной штангой GGT-1300S Huter,https://www.wildberries.ru/catalog/30087964/detail.aspx
"Триммер электрический Арт. 21217 Basic, 500 Вт, 30 см Greenworks",https://www.wildberries.ru/catalog/8144804/detail.aspx
Триммер для травы садовый кусторез аккумуляторный MustHaveOffers,https://www.wildberries.ru/catalog/208763242/detail.aspx
"Леска для триммера 2,7 мм, длина 15 м CASALINGA",https://www.wildberries.ru/catalog/161310101/detail.aspx
Леска для триммера спираль 15 метров садовая для косилки Meleon,https://www.wildberries.ru/catalog/137697202/detail.aspx
"Леска для триммера 2,7 мм, длина 15 м, синий TiLe.home",https://www.wildberries.ru/catalog/161389798/detail.aspx
"Триммер садовый аккумуляторный DKTR21, 2*2.0Ач, 350 Вт DEKO",https://www.wildberries.ru/catalog/33703287/detail.aspx
Насадка триммерная садовая Green,https://www.wildberries.ru/catalog/212672157/detail.aspx
Леска двухкомпонентная для триммера круглая 2.4 мм Denzel,https://www.wildberries.ru/catalog/165699185/detail.aspx
"Нож диск для триммера садового 20х230х25,4 DarTeh",https://www.wildberries.ru/catalog/210451247/detail.aspx
Леска для триммера звезда с усилением 3.0 мм Югай,https://www.wildberries.ru/catalog/213109941/detail.aspx
Катушка для триммера с цепью бензопилы Jango,https://www.wildberries.ru/catalog/110071755/detail.aspx
Леска для триммера TORGWIN,https://www.wildberries.ru/catalog/162645823/detail.aspx
Бензиновый триммер GGT-2900T PRO Huter,https://www.wildberries.ru/catalog/38124991/detail.aspx
Бензиновый триммер GGT-1900S Huter,https://www.wildberries.ru/catalog/38124992/detail.aspx
Насадка триммерная садовая - Катушка для триммера Green,https://www.wildberries.ru/catalog/212672110/detail.aspx
"Леска для триммера квадрат 2,4 мм 100 м Polyagro",https://www.wildberries.ru/catalog/145821990/detail.aspx
"Прочная армированная леска для триммера от 2,4 до 4 мм Югай",https://www.wildberries.ru/catalog/79099267/detail.aspx
Леска для триммера (оранжевый) Migliores,https://www.wildberries.ru/catalog/58438067/detail.aspx
"Нож для мотокосы BB1054 Premium, 255x25,4x40T, Super Light TUSCAR",https://www.wildberries.ru/catalog/12254594/detail.aspx
"2 в 1 Ножницы кусторез GET-3,6H аккумуляторный садовый 3.6 В Huter",https://www.wildberries.ru/catalog/150809512/detail.aspx
"Катушка для триммера ТУНДРА, полуавтоматическая, подшипник… Удачный участок",https://www.wildberries.ru/catalog/87127420/detail.aspx
"Нож металлический для триммера садового. 4 лезвия, 4-х ElroMos",https://www.wildberries.ru/catalog/175187889/detail.aspx
"Триммер садовый электрический DKTR550, 12000 об мин DEKO",https://www.wildberries.ru/catalog/30165262/detail.aspx
Триммер садовый электрический DKTR1550 065-1211 DEKO,https://www.wildberries.ru/catalog/141630621/detail.aspx
Электрический триммер GET-1500B Huter,https://www.wildberries.ru/catalog/8338414/detail.aspx
"Триммер садовый электрический DKTR1200, леска, нож DEKO",https://www.wildberries.ru/catalog/209741520/detail.aspx
Триммер бензиновый БТР-2500П Ресанта,https://www.wildberries.ru/catalog/66114858/detail.aspx
"Редуктор верхний в сборе для триммера 7 шлицов, D-28мм GaminGo",https://www.wildberries.ru/catalog/148689534/detail.aspx
Леска для триммера квадрат 15 метров садовая для косилки КАЛИБР,https://www.wildberries.ru/catalog/137697828/detail.aspx
для триммера Леска,https://www.wildberries.ru/catalog/159140094/detail.aspx
"Триммер садовый электрический DKTR1150, леска, 1150Вт DEKO",https://www.wildberries.ru/catalog/209738848/detail.aspx
"катушка для триммера универсальная паук, головка триммерная Pikatot",https://www.wildberries.ru/catalog/110613868/detail.aspx
Леска для триммера ДРЕЛЛЕР,https://www.wildberries.ru/catalog/158018340/detail.aspx
Катушка для китайских триммеров HT22 - Z5 CHAMPION,https://www.wildberries.ru/catalog/164147517/detail.aspx
Триммер аккумуляторный DATR 2840Li без АКБ и ЗУ DAEWOO,https://www.wildberries.ru/catalog/81988590/detail.aspx
"Прочная армированная леска для триммера от 2,4 до 4 мм Югай",https://www.wildberries.ru/catalog/163834853/detail.aspx
Бензиновый триммер GGT-2500Т Huter,https://www.wildberries.ru/catalog/38125007/detail.aspx
Бензиновый триммер GGT 1300T Huter,https://www.wildberries.ru/catalog/38125004/detail.aspx
"Триммер садовый аккумуляторный кусторез 3,6 В GET-3,6 Huter",https://www.wildberries.ru/catalog/163558159/detail.aspx
Ремень для триммера ранцевый универсальный ,https://www.wildberries.ru/catalog/93422423/detail.aspx
GGT-2500S PRO Huter,https://www.wildberries.ru/catalog/38125018/detail.aspx
Бензиновый триммер GGT-2500Т PRO Huter,https://www.wildberries.ru/catalog/38125006/detail.aspx
Триммер садовый бензиновый БТР-2500П ПРОФ + подарки Ресанта,https://www.wildberries.ru/catalog/25777133/detail.aspx
Триммер бензиновый GGT-1500SX Huter,https://www.wildberries.ru/catalog/65931217/detail.aspx
Бензиновый триммер GGT-1500T (1500вт) Huter,https://www.wildberries.ru/catalog/38125005/detail.aspx
Триммер бензиновый GGT-800T Huter,https://www.wildberries.ru/catalog/66080383/detail.aspx
Бензиновый триммер GGT-553TA Huter,https://www.wildberries.ru/catalog/142946130/detail.aspx
Триммер GGT 430T Huter,https://www.wildberries.ru/catalog/36533563/detail.aspx
Бензиновый триммер TR-1300T EUROLUX,https://www.wildberries.ru/catalog/37385056/detail.aspx
Ремень наплечный для триммера( одна лямка) GaminGo,https://www.wildberries.ru/catalog/90532166/detail.aspx
Леска для триммера 2мм витой квадрат с сердечником 15м TORGWIN,https://www.wildberries.ru/catalog/159095624/detail.aspx
"Леска для триммера 1,6 ммх15 м - 2 шт STARTUL",https://www.wildberries.ru/catalog/37019144/detail.aspx
Головка триммерная катушка для триммера HAPPY МОЛЛ,https://www.wildberries.ru/catalog/76584771/detail.aspx
Леска для триммера витой квадрат 3 мм Misslight,https://www.wildberries.ru/catalog/160929462/detail.aspx
Диск для триммера универсальный от сорняков Best Room,https://www.wildberries.ru/catalog/177134248/detail.aspx
Катушка для триммеров Bosch ART 24 27 30 (F016800351) Rare-Tool,https://www.wildberries.ru/catalog/156621762/detail.aspx
Триммер бензиновый PT 4555ES Country (неразборная штанга) PATRIOT,https://www.wildberries.ru/catalog/77392242/detail.aspx
Леска для триммера с металлическим сердечником Slendori,https://www.wildberries.ru/catalog/156667550/detail.aspx
"Леска триммерная Nylon Line бесшумная (1.6 мм, 15 м) husqvarna",https://www.wildberries.ru/catalog/79625604/detail.aspx
"Нож для мотокосы BB0084 Premium 230x25,4x40T Saw TUSCAR",https://www.wildberries.ru/catalog/12254579/detail.aspx
Леска для триммера армированная DVAhome's,https://www.wildberries.ru/catalog/162040797/detail.aspx
головка для триммера алюминиевая ЗапчастиElPro,https://www.wildberries.ru/catalog/90417801/detail.aspx
"Леска для триммера 2мм, 2926607 Greenworks",https://www.wildberries.ru/catalog/22901699/detail.aspx
"Триммер садовый аккумуляторный DKTR12, 2*2.0Ач, 12В DEKO",https://www.wildberries.ru/catalog/30165261/detail.aspx
Леска для триммера 2.4 мм 45 метров MaxPiler,https://www.wildberries.ru/catalog/153017312/detail.aspx
"Электрический триммер GET-1500SL, 1500вт Huter",https://www.wildberries.ru/catalog/11452729/detail.aspx
Катушка для турботриммера SmallCut 300 Gardena 05306-20 Rare-Tool,https://www.wildberries.ru/catalog/156625107/detail.aspx
Леска для тримера 4 мм звезда RE HOME,https://www.wildberries.ru/catalog/113173192/detail.aspx
Катушка для триммеров Bosch ART 23 26SL Rare-Tool,https://www.wildberries.ru/catalog/107106980/detail.aspx
Леска для триммера Bosch AFS 23-37 (10шт) сечение квадрат Rare-Tool,https://www.wildberries.ru/catalog/108760154/detail.aspx
Катушка для триммера насадка Насадка на триммер,https://www.wildberries.ru/catalog/213546368/detail.aspx
Крышка катушки для EasyGrassCut F016F05320 Rare-Tool,https://www.wildberries.ru/catalog/156567087/detail.aspx
Крышка катушки для триммеров Bosch ART 24 ART 27 ART 30+ Rare-Tool,https://www.wildberries.ru/catalog/156622341/detail.aspx
Леска для триммера Oregon,https://www.wildberries.ru/catalog/81724469/detail.aspx
"Леска для триммера Profi 1,6 мм, 15 м, профиль ""круг"" kwb",https://www.wildberries.ru/catalog/28881812/detail.aspx
Триммер садовый Ресанта,https://www.wildberries.ru/catalog/35889591/detail.aspx
Триммер бензиновый PT 4555ES Country (неразборная штанга) PATRIOT,https://www.wildberries.ru/catalog/66558690/detail.aspx
"Катушка для триммера универсальная, M10x1.25, алюминий GaminGo",https://www.wildberries.ru/catalog/72281170/detail.aspx
"Леска для триммера 2 мм, 15 м (звезда) Кузьмич",https://www.wildberries.ru/catalog/27127852/detail.aspx
"Леска для триммера 2,4 мм Woldstätte",https://www.wildberries.ru/catalog/76376997/detail.aspx
Триммер садовый ЭТ-1700НВ Ресанта,https://www.wildberries.ru/catalog/32789684/detail.aspx
универсальная алюминиевая паук Головка триммерная,https://www.wildberries.ru/catalog/29665378/detail.aspx
"Набор аккумуляторного инструмента 2в1, 1х2.0,1х4.0Ач Zitrek",https://www.wildberries.ru/catalog/156117733/detail.aspx
Триммер бензиновый Huter,https://www.wildberries.ru/catalog/72740263/detail.aspx
"Триммер садовый бензиновый GGT-1900S, 1900Вт Huter",https://www.wildberries.ru/catalog/30079591/detail.aspx
"Триммер садовый ЭТ-1500Н, 1500 Вт, скашивание леской - 420мм Ресанта",https://www.wildberries.ru/catalog/32789388/detail.aspx
"Триммер садовый ЭТ-1200Н, 1200 Вт Ресанта",https://www.wildberries.ru/catalog/32789196/detail.aspx
Ремень ранцевый для тримера happy boox,https://www.wildberries.ru/catalog/111529924/detail.aspx
Леска для триммера садовой техники косилки газона травы ,https://www.wildberries.ru/catalog/158533040/detail.aspx
"Триммер электрический Арт. 21277 Deluxe, 500 Вт, 30 см Greenworks",https://www.wildberries.ru/catalog/8144805/detail.aspx
Головка триммерная автоматическая загрузка лески С ПЕРЕХОД Krotof,https://www.wildberries.ru/catalog/149705421/detail.aspx
Леска для триммера ДРЕЛЛЕР,https://www.wildberries.ru/catalog/90489650/detail.aspx
Леска для триммера звездочка 15 метров садовая для косилки Meleon,https://www.wildberries.ru/catalog/137598695/detail.aspx
"Триммер электрический Арт. 1301807, 1200 Вт, 40 см Greenworks",https://www.wildberries.ru/catalog/8144788/detail.aspx
Катушка для триммера ДРЕЛЛЕР,https://www.wildberries.ru/catalog/91283189/detail.aspx
"Аккумуляторный триммер GET-36-4Li, 36В, 4 а.ч, 31см Huter",https://www.wildberries.ru/catalog/11452727/detail.aspx
Бензиновый триммер БГ-4500 Минск,https://www.wildberries.ru/catalog/120298839/detail.aspx
Триммер садовый бензиновый GGT-2900T + подарки Huter,https://www.wildberries.ru/catalog/17212739/detail.aspx
Триммер садовый бензиновый GGT-800T + подарки Huter,https://www.wildberries.ru/catalog/17212741/detail.aspx
Триммер садовый бензиновый GGT-553TA Huter,https://www.wildberries.ru/catalog/148566988/detail.aspx
редуктор для триммера B0602 Maxtoolgroup,https://www.wildberries.ru/catalog/100578117/detail.aspx
Триммер садовый бензиновый с разборной штангой GGT-1000S Huter,https://www.wildberries.ru/catalog/30085409/detail.aspx
Леска для триммера витой-квадрат 3.0 мм Бабушка одобряет,https://www.wildberries.ru/catalog/172221094/detail.aspx
Леска для триммера витой-квадрат 2.4 мм Бабушка одобряет,https://www.wildberries.ru/catalog/172224272/detail.aspx
Леска триммер 2.4 косилка травы 2 шт ДОМОВОЙ,https://www.wildberries.ru/catalog/79953744/detail.aspx
"Насадка на триммер T002 полуавтомат, М10х1.25 левая резьба VERTEXTOOLS",https://www.wildberries.ru/catalog/25970242/detail.aspx
Леска для триммера 15 метров Fubag,https://www.wildberries.ru/catalog/39871204/detail.aspx
"Триммер садовый бензиновый, GGT-2500S Huter",https://www.wildberries.ru/catalog/26951263/detail.aspx
Триммер садовый бензиновый BT-2500 STEHER,https://www.wildberries.ru/catalog/148566959/detail.aspx
Триммер садовый бензиновый BT-1300 STEHER,https://www.wildberries.ru/catalog/148566968/detail.aspx
"Леска для триммеров витая, квадрат, армированая, 2 мм 15м CET",https://www.wildberries.ru/catalog/25573651/detail.aspx
Триммер садовый бензиновый GGT-1500S Huter,https://www.wildberries.ru/catalog/30079209/detail.aspx
Триммер бензиновый GGT-2500S PRO Huter,https://www.wildberries.ru/catalog/78402583/detail.aspx
"Катушка для триммера 2.4 - 3 мм, посадка 25.4 мм Тундра",https://www.wildberries.ru/catalog/46285610/detail.aspx
Триммер садовый бензиновый с разборной штангой БТР-2500Р Ресанта,https://www.wildberries.ru/catalog/31415608/detail.aspx
Триммер садовый бензиновый БТР-2900П + подарки Ресанта,https://www.wildberries.ru/catalog/25777136/detail.aspx
Садовый триммер электрический YOUMI,https://www.wildberries.ru/catalog/170668239/detail.aspx
Крышка катушки для триммера Bosch ART Easytrim Combitrim Rare-Tool,https://www.wildberries.ru/catalog/98137310/detail.aspx
"Триммерная леска круг GENERAL D1,6 мм L15 м Rezer",https://www.wildberries.ru/catalog/57926908/detail.aspx
Леска для триммера звездочка 15 метров садовая для косилки Meleon,https://www.wildberries.ru/catalog/137599333/detail.aspx
Головка для триммера с цепью Насадка на триммер,https://www.wildberries.ru/catalog/216163147/detail.aspx
Газонокосилка PT 400 512109400 PATRIOT,https://www.wildberries.ru/catalog/140478540/detail.aspx
"Леска для триммера, сечение звезда, d=2 мм, 170 м Тундра",https://www.wildberries.ru/catalog/33614143/detail.aspx
"Головка триммерная М12*1,5-М 145мм Stihl FS Левая оранж кн Darlon",https://www.wildberries.ru/catalog/146740935/detail.aspx
Редуктор нижний для бензокосы триммер 7 шлицов D-28мм GaminGo,https://www.wildberries.ru/catalog/148677588/detail.aspx
Леска для триммера армированная DVAhome's,https://www.wildberries.ru/catalog/162040798/detail.aspx
"Триммер аккумуляторный 24V, 28 см, с АКБ 2АЧ и ЗУ Greenworks",https://www.wildberries.ru/catalog/16657221/detail.aspx
Триммер садовый электрический VeraLisDom,https://www.wildberries.ru/catalog/122963071/detail.aspx
"Триммер-кусторез аккумуляторный садовый GET-3,6H Huter",https://www.wildberries.ru/catalog/164327970/detail.aspx
"Триммер электрический 350Вт дачный, для садового газона, лес… Denzel",https://www.wildberries.ru/catalog/81316383/detail.aspx
Нож для триммера насадка для триммера диск для триммера HomaLand,https://www.wildberries.ru/catalog/166793445/detail.aspx
Катушка для триммера садового 96365 Denzel,https://www.wildberries.ru/catalog/145993206/detail.aspx
"Триммер электрический Арт. 21117, 280W, 20 см Greenworks",https://www.wildberries.ru/catalog/8144803/detail.aspx
"Леска для триммера 2 мм на 15 м. Сечение ""Квадрат"" 3-ON",https://www.wildberries.ru/catalog/211780093/detail.aspx
Леска для триммера d 2 мм x 63 м сечение бесшумная STARTUL,https://www.wildberries.ru/catalog/81540326/detail.aspx
Триммер садовый электрический BR-1600P электрокоса Brait,https://www.wildberries.ru/catalog/155359656/detail.aspx
Триммер электрический Small Cut Plus 350 23 Gardena,https://www.wildberries.ru/catalog/147036174/detail.aspx
Триммер электрический ГКС-3515 СОЮЗ,https://www.wildberries.ru/catalog/147159403/detail.aspx
"Триммер аккумуляторный GD40BC, 40V, 40 см, бесщеточный, без… Greenworks",https://www.wildberries.ru/catalog/21294418/detail.aspx
Леска для триммера (бухта) NEW серебро 4.0мм x 200м звезда с… Seb,https://www.wildberries.ru/catalog/83399827/detail.aspx
Триммер для травы Zip Trim Газонокосилка садовый Irresistible Home Store,https://www.wildberries.ru/catalog/161016384/detail.aspx
"Леска для триммера 2,0 мм витой квадрат. Длина 15 м 3-ON",https://www.wildberries.ru/catalog/154251555/detail.aspx
Леска триммерная 1000 Каталог,https://www.wildberries.ru/catalog/142224421/detail.aspx
Плечевые ремни для триммеров Тундра,https://www.wildberries.ru/catalog/139336967/detail.aspx
Триммер аккумуляторный для травы ручной садовый для газона DECK,https://www.wildberries.ru/catalog/164127773/detail.aspx
Катушка для триммера триммерная головка ДРЕЛЛЕР,https://www.wildberries.ru/catalog/90513020/detail.aspx
Катушка для лески триммерная PATRIOT,https://www.wildberries.ru/catalog/149951164/detail.aspx
"Триммер бензиновый DTS-43S, 43 см3, разъемная штанга, состои DENZEL",https://www.wildberries.ru/catalog/162278346/detail.aspx
Триммер садовый электрический ТСВ-38-1300 ЗУБР,https://www.wildberries.ru/catalog/170844853/detail.aspx
Триммер электрический SmallCut 300 23 с катушкой лески Gardena,https://www.wildberries.ru/catalog/147036164/detail.aspx
"Катушка DL-1224 для триммеров TR 240 Li, TR 235 Li Patriot",https://www.wildberries.ru/catalog/154942288/detail.aspx
редуктор для триммера B0603 Maxtoolgroup,https://www.wildberries.ru/catalog/100669940/detail.aspx
Катушка триммерная (полуавтомат) Кузьмич,https://www.wildberries.ru/catalog/27127862/detail.aspx
Леска для триммера Oregon,https://www.wildberries.ru/catalog/83815761/detail.aspx
Леска для триммера Oregon,https://www.wildberries.ru/catalog/83816649/detail.aspx
Леска для триммера Oregon,https://www.wildberries.ru/catalog/81727495/detail.aspx
"Леска для триммера - армированная - d=3 мм, 5 м ТУНДRА",https://www.wildberries.ru/catalog/152645052/detail.aspx
"Леска для триммера 2 мм х 30 см, круглая, 50 шт, 96100 удалить",https://www.wildberries.ru/catalog/28680567/detail.aspx
Катушка для триммера головка триммерная tlong,https://www.wildberries.ru/catalog/165590839/detail.aspx
"Триммер Т 43Р Промо, 43 см3, 1.8 л.с, захват 25 44 см ELITECH",https://www.wildberries.ru/catalog/11450101/detail.aspx
Триммер садовый Газонокосилка PROtech 18В Edon,https://www.wildberries.ru/catalog/163728166/detail.aspx
"Катушка для триммера M10 x 1.25 левая, полуавтомат ZAMENA PRO",https://www.wildberries.ru/catalog/83429888/detail.aspx
Триммер садовый электрический для травы мотокоса TE-90 OASIS,https://www.wildberries.ru/catalog/141119610/detail.aspx
Катушка для тримера М10х1.25 левая резьба VERTEXTOOLS,https://www.wildberries.ru/catalog/170236672/detail.aspx
Катушка для триммера Головка универсальная Шпуля HomaDacha,https://www.wildberries.ru/catalog/32913152/detail.aspx
Ножи для аккумуляторного электрического садового триммера Garden Shop,https://www.wildberries.ru/catalog/168700358/detail.aspx
"Катушка для триммера с леской 1,65 мм и крышкой, 2926207 Greenworks",https://www.wildberries.ru/catalog/169000377/detail.aspx
Ремень ранцевый для триммера на два плеча универсальный АгроЗапчасть,https://www.wildberries.ru/catalog/139635050/detail.aspx
Ремень ранцевый для триммера BT-PRO Huter,https://www.wildberries.ru/catalog/207674185/detail.aspx
"Леска для триммера Profi 2 мм, 15 м, профиль""круг"" kwb",https://www.wildberries.ru/catalog/28882459/detail.aspx
"Леска для триммера сечение ""витой квадрат"" 3,0 мм х 200 м РОКОТ",https://www.wildberries.ru/catalog/158473391/detail.aspx
"Триммер электрический сетевой GL8033-QS, 800 Вт, 33 см Black+Decker",https://www.wildberries.ru/catalog/11299127/detail.aspx
Триммер колесный бензиновый CHAMPION,https://www.wildberries.ru/catalog/170536276/detail.aspx
Триммер бензиновый садовый бензокоса для травы TR-2500T Eurolux,https://www.wildberries.ru/catalog/173670544/detail.aspx
Триммер бензиновый садовый бензокоса косилка Бтр2500П Проф Ресанта,https://www.wildberries.ru/catalog/175645986/detail.aspx
Триммер бензиновый садовый бензокоса косилка Бтр-1900П Ресанта,https://www.wildberries.ru/catalog/175645983/detail.aspx
Триммер садовый бензиновый Ресанта,https://www.wildberries.ru/catalog/35889523/detail.aspx
"Триммер бензиновый садовый PT 543, 2.5лс PATRIOT",https://www.wildberries.ru/catalog/174434092/detail.aspx
"Триммер бензиновый садовый PT 453 (1+1), 3лс PATRIOT",https://www.wildberries.ru/catalog/174432253/detail.aspx
Триммер бензиновый садовый бензокоса косилка КС-1800Р Сибртех,https://www.wildberries.ru/catalog/193456294/detail.aspx
Пластиковая крышка головки триммера SmartLive,https://www.wildberries.ru/catalog/169868438/detail.aspx
Триммер садовый ЭТ-20-2ЛИ Ресанта,https://www.wildberries.ru/catalog/32788767/detail.aspx
"Ремень для триммера, бензокосы ранцевый DreamMarkt",https://www.wildberries.ru/catalog/36485887/detail.aspx
"Триммер садовый ЭТ-600, 600Вт, ширина - 320мм Ресанта",https://www.wildberries.ru/catalog/32790048/detail.aspx
Леска для триммера звезда 3 мм катушка 144 метра TOOLAS,https://www.wildberries.ru/catalog/111124662/detail.aspx
Леска для триммера 2шт ЕкаФи,https://www.wildberries.ru/catalog/164844986/detail.aspx
"Леска для триммера 2,0 мм, с графитовым наполнителем 15 м TORGWIN",https://www.wildberries.ru/catalog/167972114/detail.aspx
Бензиновый колёсный триммер GGT-2900W Huter,https://www.wildberries.ru/catalog/143613158/detail.aspx
катушка для триммера Триммерная головка,https://www.wildberries.ru/catalog/114817563/detail.aspx
Триммер электрический садовый OASIS TOOLS,https://www.wildberries.ru/catalog/81362295/detail.aspx
Ножи для аккумуляторного электрического садового триммера SmartLive,https://www.wildberries.ru/catalog/168690470/detail.aspx
Леска для триммера витой квадрат 3 мм Misslight,https://www.wildberries.ru/catalog/160929463/detail.aspx
"Леска для триммера 2 мм, 2,4мм, 3 мм TRIMMER LINE",https://www.wildberries.ru/catalog/162441761/detail.aspx
Триммер-газонокосилка аккумуляторный GreenCut 12 Pro Zitrek,https://www.wildberries.ru/catalog/149454137/detail.aspx
редуктор для триммера B0121B Maxtoolgroup,https://www.wildberries.ru/catalog/100678579/detail.aspx
Ремень для триммеров PBL-155 PATRIOT,https://www.wildberries.ru/catalog/200495905/detail.aspx
Ранцевый наплечный ремень для триммеров BT-PRO Huter,https://www.wildberries.ru/catalog/78480016/detail.aspx
"Леска для триммера круг 2,4 мм 15 м Polyagro",https://www.wildberries.ru/catalog/145821984/detail.aspx
"Головка триммерная с леской в сборе 40V, 2926507 Greenworks",https://www.wildberries.ru/catalog/168996051/detail.aspx
Ремень ранцевый для триммера ДРЕЛЛЕР,https://www.wildberries.ru/catalog/91987787/detail.aspx
Ремень для триммера ранцевый разгрузочный TITAN,https://www.wildberries.ru/catalog/73460616/detail.aspx
"Леска для триммера 2.7 мм х 202 м, звезда, полиамид, 96287 Denzel",https://www.wildberries.ru/catalog/156358322/detail.aspx
Катушка для триммера Rezer,https://www.wildberries.ru/catalog/170796943/detail.aspx
"Леска для триммера 3 мм на 15 м. Сечение ""Квадрат"" 3-ON",https://www.wildberries.ru/catalog/160724073/detail.aspx
"Леска «МастерАлмаз», Квадрат, 3мм*55м на бобине 0,5кг МастерАлмаз",https://www.wildberries.ru/catalog/138273815/detail.aspx
"Леска для триммера 4.0 мм х 93 м, звезда, полиамид, 96289 Denzel",https://www.wildberries.ru/catalog/156358324/detail.aspx
Леска для триммера звезда 3 мм 100 м Polyagro,https://www.wildberries.ru/catalog/145821999/detail.aspx
"Леска для триммера 2,4мм 15м круг Леска для триммера (круг со стержнем) 2,4*15м",https://www.wildberries.ru/catalog/118020537/detail.aspx
Триммер садовый бензиновый Газонокосилка KZ-4200V S KRONA,https://www.wildberries.ru/catalog/166408250/detail.aspx
Леска для триммера звезда 15м Polyagro,https://www.wildberries.ru/catalog/155361956/detail.aspx
"Леска для триммеров, квадрат 2,5 мм, 15м CET",https://www.wildberries.ru/catalog/25573650/detail.aspx
Бензиновый триммер БТР-2900Р Ресанта,https://www.wildberries.ru/catalog/142946134/detail.aspx
Триммер бензиновый БТР-2500Р Ресанта,https://www.wildberries.ru/catalog/66126863/detail.aspx
"Леска для триммера (круг со стержнем) в рулоне 2,4 220м Бензорем",https://www.wildberries.ru/catalog/31528744/detail.aspx
Леска для триммера (витой квадрат со стержнем) Бензорем,https://www.wildberries.ru/catalog/31528746/detail.aspx
"Нож для триммера (255 мм, 8 зубьев, внутренний диаметр 25,4… Unisaw",https://www.wildberries.ru/catalog/19482551/detail.aspx
Леска триммерная SIAT 3.0 АЛЮМИНИУМ КРУГ 10М Крепыж,https://www.wildberries.ru/catalog/118973947/detail.aspx
Катушка Benzorem,https://www.wildberries.ru/catalog/59138296/detail.aspx
Леска для триммера 3.0 мм. 15 м. круглая Unisaw,https://www.wildberries.ru/catalog/14212448/detail.aspx
Головка триммерная th102 кольцо метал. M10 (картон-пакет) Хопер,https://www.wildberries.ru/catalog/69037159/detail.aspx
Головка триммерная hu202 Большая синяя кнопка M10 Хопер,https://www.wildberries.ru/catalog/69037119/detail.aspx
Леска для триммера summerLil,https://www.wildberries.ru/catalog/91557407/detail.aspx
Леска для триммера summerLil,https://www.wildberries.ru/catalog/91557406/detail.aspx
"Головка триммерная М10х1,25 левая резьба Green Revolution",https://www.wildberries.ru/catalog/73722511/detail.aspx
"Леска для триммера 3,0 мм 15 метров КЛЕВЕР+",https://www.wildberries.ru/catalog/69479600/detail.aspx
Леска для триммера White Wings Village,https://www.wildberries.ru/catalog/30145785/detail.aspx
Леска для триммера Товар,https://www.wildberries.ru/catalog/29175903/detail.aspx
Леска для триммера 1.6 мм 1000 Каталог,https://www.wildberries.ru/catalog/148609051/detail.aspx
Леска для триммера 3мм. 15м-длина 1000 Каталог,https://www.wildberries.ru/catalog/153797451/detail.aspx
Леска для триммера 4мм.и 15м-длина 1000 Каталог,https://www.wildberries.ru/catalog/153798092/detail.aspx
Леска шестиугольник 1000 Каталог,https://www.wildberries.ru/catalog/148907478/detail.aspx
Леска для триммера 1000 Каталог,https://www.wildberries.ru/catalog/149956572/detail.aspx
Прочная леска для триммера 15м Listok,https://www.wildberries.ru/catalog/162348903/detail.aspx
"Леска для триммера квадратная 3,0мм*10м Сибртех",https://www.wildberries.ru/catalog/52555642/detail.aspx
"Леска для триммера, диаметр 3,0 мм, длина 15 м, зеленая TRIMMER LINE",https://www.wildberries.ru/catalog/154988744/detail.aspx
Леска для триммера 15 метров USP ФОРМУЛА УСПЕХА,https://www.wildberries.ru/catalog/94356934/detail.aspx
Леска для триммера SKYWER,https://www.wildberries.ru/catalog/110192975/detail.aspx
Шпулька косильная саморегулирующаяся Beezmoto,https://www.wildberries.ru/catalog/105575810/detail.aspx
"Корд триммерный (леска для триммера) "" Звезда-2,0 15"" КАЛИБР",https://www.wildberries.ru/catalog/12978295/detail.aspx
"Корд триммерный (Леска для триммера) "" Квадрат-3,0 15"" КАЛИБР",https://www.wildberries.ru/catalog/12978298/detail.aspx
"Леска для триммера STAR звезда 2,4мм*15м REDO",https://www.wildberries.ru/catalog/75187065/detail.aspx
"Корд триммерный (Леска для триммера) "" Звезда-3,0 15"" КАЛИБР",https://www.wildberries.ru/catalog/12978299/detail.aspx
Леска для триммера Леска садовая Леска толщина 3.0 Длина 15м V-FORCE PRODUCTS,https://www.wildberries.ru/catalog/75278337/detail.aspx
Леска для триммера Леска садовая Леска толщина 3.0 Длина 15м V-FORCE PRODUCTS,https://www.wildberries.ru/catalog/75278339/detail.aspx
"Леска для триммера витой квадрат ""Зебра"", 2.7мм х 15м ЧЕГЛОК",https://www.wildberries.ru/catalog/111371986/detail.aspx
"Корд триммерный (леска для триммера) "" Квадрат-2,4 15"" КАЛИБР",https://www.wildberries.ru/catalog/12978297/detail.aspx
Леска для триммера сечение квадрат длина 15 м Garden of Gifts,https://www.wildberries.ru/catalog/32034375/detail.aspx
"Корд триммерный (леска для триммера) "" Квадрат-2,0 15"" КАЛИБР",https://www.wildberries.ru/catalog/12978296/detail.aspx
Леска 1000 Каталог,https://www.wildberries.ru/catalog/140479923/detail.aspx
Леска для триммера звезда от 2 до 4мм длина 15м DismaTin,https://www.wildberries.ru/catalog/164060602/detail.aspx
Триммер садовый бензиновый БТР-1900Р Ресанта,https://www.wildberries.ru/catalog/31414549/detail.aspx
Нож для триммера TBS-36 PATRIOT,https://www.wildberries.ru/catalog/55252467/detail.aspx
Триммер бензиновый садовый бензокоса косилка GGT-2500SPRO Huter,https://www.wildberries.ru/catalog/173670549/detail.aspx
"Леска для триммера 1,65мм, 2933407 Greenworks",https://www.wildberries.ru/catalog/169000738/detail.aspx
Диск нож насадка для аккумуляторного триммера 40 зубов Krotof,https://www.wildberries.ru/catalog/141831474/detail.aspx
Леска для триммера Denzel,https://www.wildberries.ru/catalog/200424191/detail.aspx
"Леска для триммера 2.7 мм х 196 м, витой квадрат, 96299 Denzel",https://www.wildberries.ru/catalog/156358343/detail.aspx
Леска для триммера Trimmerline,https://www.wildberries.ru/catalog/159939351/detail.aspx
Ножи пластиковые для аккумуляторного триммера 5 шт Krotof,https://www.wildberries.ru/catalog/141831475/detail.aspx
Бензиновый колёсный триммер GGT-2900W Huter,https://www.wildberries.ru/catalog/165116345/detail.aspx
Бензиновый триммер GGT-2900S PRO Huter,https://www.wildberries.ru/catalog/165116343/detail.aspx
Бензиновый триммер GGT-2900S Huter,https://www.wildberries.ru/catalog/38125001/detail.aspx
"Триммер акк Арт. 2101507UA, 40V, 30 см, с 1хАКБ 2 Ач и ЗУ Greenworks",https://www.wildberries.ru/catalog/14125142/detail.aspx
"Ручной триммер садовый бензиновый мощный, косилка для травы ДИОЛД",https://www.wildberries.ru/catalog/181170424/detail.aspx
"Катушка для триммера ""Паук"", насадка, головка для триммера MaxBoom",https://www.wildberries.ru/catalog/169751629/detail.aspx
"Крышка головки триммера пластиковая зеленая, 2908107 Greenworks",https://www.wildberries.ru/catalog/22901646/detail.aspx
Триммер садовый Huter,https://www.wildberries.ru/catalog/35889629/detail.aspx
"Леска для триммера 1,6 диаметр Green Belt",https://www.wildberries.ru/catalog/204927447/detail.aspx
"Леска для триммера 1,6 диаметр Green Belt",https://www.wildberries.ru/catalog/204927446/detail.aspx
"Леска для триммера 1,6 диаметр Green Belt",https://www.wildberries.ru/catalog/204927444/detail.aspx
Катушка для триммера универсальная шпуля TORGWIN,https://www.wildberries.ru/catalog/168001365/detail.aspx
Катушка для триммера Головка универсальная Шпуля HomaDacha,https://www.wildberries.ru/catalog/166697515/detail.aspx
Катушка с леской для LTR 18 Battery 2.444-014.0 Karcher,https://www.wildberries.ru/catalog/153903884/detail.aspx
"Триммер бензиновый, бензотриммер, бензокоса TR-2500S EUROLUX",https://www.wildberries.ru/catalog/117942553/detail.aspx
Катушка для триммера ECHO GT22-GES HT47 CHAMPION,https://www.wildberries.ru/catalog/162045676/detail.aspx
Бензиновый триммер CHAMPION T523 Сhampion,https://www.wildberries.ru/catalog/211871721/detail.aspx
"Триммер аккумуляторный GET-40-3 Li, 70 1 11 Huter",https://www.wildberries.ru/catalog/161610980/detail.aspx
Электрический триммер FAVOURITE GT 1300 FAVOURITE электроинструмент,https://www.wildberries.ru/catalog/199719575/detail.aspx
"Триммер садовый, электрокосилка PT 500 PATRIOT",https://www.wildberries.ru/catalog/166304997/detail.aspx
"Триммер акк Арт. 2107207SA, 24V, 25 см, с 1хАКБ 2Ач и ЗУ Greenworks",https://www.wildberries.ru/catalog/110422356/detail.aspx
Триммер садовый электрический ЭТ-1000 + подарки Ресанта,https://www.wildberries.ru/catalog/25777148/detail.aspx
Катушка для триммера Y-A002 TITAN /,https://www.wildberries.ru/catalog/174861525/detail.aspx
"Леска «МастерАлмаз», Круг, 15м * 1,6мм МастерАлмаз",https://www.wildberries.ru/catalog/132242356/detail.aspx
Леска для триммера крученый квадрат с сердечником 2.4mm*15m ХОПЕР,https://www.wildberries.ru/catalog/152649115/detail.aspx
Катушка для триммеров EasyGrassCut Bosch F016800569 Rare-Tool,https://www.wildberries.ru/catalog/156563429/detail.aspx
Катушка для триммера универсальная TITAN,https://www.wildberries.ru/catalog/159576876/detail.aspx
Катушка для триммера Y-A001 TITAN /,https://www.wildberries.ru/catalog/214174662/detail.aspx
Леска для триммера Витой квадрат с сердечником длина 15м AlexShop.,https://www.wildberries.ru/catalog/162652275/detail.aspx
Электрический триммер GET-600 Huter,https://www.wildberries.ru/catalog/150774259/detail.aspx
Триммер бензиновый садовый для травы GGT-1500SX Huter,https://www.wildberries.ru/catalog/176092812/detail.aspx
"Леска для триммера 2.7 мм х 202 м, звезда, полиамид, 96814 Denzel",https://www.wildberries.ru/catalog/157872275/detail.aspx
Триммер аккумуляторный TB400 без акб и зу CHAMPION,https://www.wildberries.ru/catalog/142416313/detail.aspx
Триммер бензиновый GBC-043M (01.001.00022) 1250Вт 1.6 CARVER,https://www.wildberries.ru/catalog/213887749/detail.aspx
Триммер аккумуляторный PXC GC-CT 18 24 Li 3411125 EINHELL,https://www.wildberries.ru/catalog/26427135/detail.aspx
Аккумуляторная коса 1.042-503.0 Karcher,https://www.wildberries.ru/catalog/122324338/detail.aspx
Триммер садовый Karcher,https://www.wildberries.ru/catalog/129442640/detail.aspx
Триммер LTR 36-33 Battery Set 1.444-351.0 Karcher,https://www.wildberries.ru/catalog/137798315/detail.aspx
"Триммер бензиновый садовый для травы PT 555 XT (1+1), мотоко… PATRIOT",https://www.wildberries.ru/catalog/66558683/detail.aspx
Триммер электрический UR3502 1000Вт неразбор.штан. ре MAKITA,https://www.wildberries.ru/catalog/209138894/detail.aspx
"Триммер садовый бензиновый GGT-2900S PRO для скоса травы, бе… Huter",https://www.wildberries.ru/catalog/35889549/detail.aspx
Триммер электрический UR3500 700Вт MAKITA,https://www.wildberries.ru/catalog/213887735/detail.aspx
"Триммер садовый, бытовая техника, садовая техника, сад и дач… Huter",https://www.wildberries.ru/catalog/35889622/detail.aspx
"Триммер Champion, арт. T338S-2 CHAMPION®",https://www.wildberries.ru/catalog/44532983/detail.aspx
Катушка для триммера Головка универсальная Шпуля Насадка HomaLand,https://www.wildberries.ru/catalog/32912959/detail.aspx
Леска для аккумуляторного триммера набор GKR,https://www.wildberries.ru/catalog/167968560/detail.aspx
"Ремень для триммера универсальный с защитой бедра, 96368 Denzel",https://www.wildberries.ru/catalog/16960790/detail.aspx
Головка триммерная с леской 2 мм ТН 4217-1 полуавт WORTEX,https://www.wildberries.ru/catalog/158775540/detail.aspx
"Шпуля с леской для Black&Decker GL250, GL310, GL360 A6226-XJ Rare-Tool",https://www.wildberries.ru/catalog/107051991/detail.aspx
Леска для триммера Витой квадрат с сердечником Бабина 2.7мм VERTEXTOOLS,https://www.wildberries.ru/catalog/26434024/detail.aspx
Катушка для триммера универсальная TORGWIN,https://www.wildberries.ru/catalog/172711327/detail.aspx
Садовый триммер электрический Huter GET-25 ( GET-500 ) ,https://www.wildberries.ru/catalog/150373262/detail.aspx
Корд для триммера звезда МакияжOFF,https://www.wildberries.ru/catalog/160083436/detail.aspx
Леска для триммера Витой квадрат с сердечником Бабина 3мм VERTEXTOOLS,https://www.wildberries.ru/catalog/158851124/detail.aspx
"Леска для триммера, Шестиугольник, 15м*1,6 мм МастерАлмаз",https://www.wildberries.ru/catalog/149293967/detail.aspx
"Бензиновый триммер, бензотриммер, бензокоса GGT-1900S Huter",https://www.wildberries.ru/catalog/28957611/detail.aspx
"Леска для триммера 3,0 мм х 15м моток сечение квадрат Krotof",https://www.wildberries.ru/catalog/149622203/detail.aspx
"Леска для триммера звезда витая 2,4мм 100м Polyagro",https://www.wildberries.ru/catalog/145821972/detail.aspx
Электрический триммер TE-1400 1400вт 420мм 96612 Denzel,https://www.wildberries.ru/catalog/176248982/detail.aspx
"Аккумуляторный триммер GET-28Li, 18 В, 2 Ач, Li-ion Huter",https://www.wildberries.ru/catalog/69483640/detail.aspx
Бензиновый триммер Champion T523 Champion.,https://www.wildberries.ru/catalog/140351371/detail.aspx
Крышка катушки для UniversalGrassCut 18 (1600A01R5J) Rare-Tool,https://www.wildberries.ru/catalog/156562848/detail.aspx
3 мм на катушке 280 метров Леска для триммера,https://www.wildberries.ru/catalog/84080816/detail.aspx
Катушка с леской (шпуля) для бензокосы Oleo-Mac Sparta 25 Бензорем,https://www.wildberries.ru/catalog/66444160/detail.aspx
"Леска для триммера 2,4 мм х 15м моток сечение звезда Krotof",https://www.wildberries.ru/catalog/149622194/detail.aspx
Бензиновый триммер GGT-800S двухтактный Huter,https://www.wildberries.ru/catalog/111931636/detail.aspx
"Леска для триммера нейлон круг 1,6 мм 15 м Polyagro",https://www.wildberries.ru/catalog/155361965/detail.aspx
Головка режущая в сборе Калибр,https://www.wildberries.ru/catalog/51504829/detail.aspx
Триммер садовый бензиновый БТР-2500Р + подарки Ресанта,https://www.wildberries.ru/catalog/25777135/detail.aspx
"Леска для триммера ""ЗВЕЗДА"" SIAT",https://www.wildberries.ru/catalog/90461580/detail.aspx
"леска с катушкой для триммера, головка, насадка паук Катушка для триммера",https://www.wildberries.ru/catalog/161411938/detail.aspx
Катушка триммерная GT3513-67 Sturm!,https://www.wildberries.ru/catalog/160976857/detail.aspx
"Леска для триммера 2,4мм звезда PATRIOT",https://www.wildberries.ru/catalog/100639971/detail.aspx
Аккумуляторный триммер электрический с колесами 2 акб SmartLive,https://www.wildberries.ru/catalog/169512541/detail.aspx
Мотокоса BC-241 DGM,https://www.wildberries.ru/catalog/83382979/detail.aspx
Нож для триммера TBM-4 PATRIOT,https://www.wildberries.ru/catalog/55252473/detail.aspx
"Триммер аккумуляторный садовый ТR-200, 21 В Vargonic",https://www.wildberries.ru/catalog/188746909/detail.aspx
Катушка для триммера универсальная TORGWIN,https://www.wildberries.ru/catalog/167989966/detail.aspx
Электрический триммер садовый для травы Denzel,https://www.wildberries.ru/catalog/150632413/detail.aspx
Леска для триммера звезда витая 3 мм 100 м Polyagro,https://www.wildberries.ru/catalog/145821980/detail.aspx
Катушка для аккумуляторного триммера RТ300-36 (96369) Denzel,https://www.wildberries.ru/catalog/50322441/detail.aspx
Катушка для аккумуляторного триммера RТ300-36 96369 DENZEL,https://www.wildberries.ru/catalog/164314625/detail.aspx
Электрический триммер садовый для травы GET-600 Huter,https://www.wildberries.ru/catalog/27531308/detail.aspx
"Триммер аккумуляторный GreenCut 20, 20В, 2 акб Zitrek",https://www.wildberries.ru/catalog/73386922/detail.aspx
Катушка для триммера универсальная паук головка триммерная ,https://www.wildberries.ru/catalog/165565076/detail.aspx
"Триммерная леска звезда, 2,4 мм, 15 м 777Home",https://www.wildberries.ru/catalog/211786325/detail.aspx
Леска для триммера усиленная 2мм витой квадрат Yanis_Shop,https://www.wildberries.ru/catalog/163880374/detail.aspx
Нож металлический для аккумуляторного триммера 4 шт SmartLive,https://www.wildberries.ru/catalog/173491947/detail.aspx
Леска для триммера витой квадрат от 2 до 4мм длина 15м VERTEXTOOLS,https://www.wildberries.ru/catalog/66910685/detail.aspx
